area,familia,setor_contexto,estado_classificacao,skus_catalogados,versao_regras,registos_mes,skus_com_mes,primeira_data_mes,ultima_data_mes,skus_com_acumulado_excel,skus_planeados_mtg3,associacoes_indiretas_mes,ultima_data_indireta_mes,estado_evidencia_producao,registos_manuais,skus_planeados_manualmente
cantoneiras,0093,MTG3,codigo_de_projeto_por_confirmar,1,9e1e4071de345765b4921fef8fe6d0e3b9030744934b807f41db6ddb6c5d1d87,0,0,,,0,0,0,,sem_evidencia_mtg3_nestas_fontes,0,0
cantoneiras,0110,MTG3,codigo_de_projeto_por_confirmar,1,9e1e4071de345765b4921fef8fe6d0e3b9030744934b807f41db6ddb6c5d1d87,0,0,,,0,0,0,,sem_evidencia_mtg3_nestas_fontes,0,0
cantoneiras,0187,MTG3,codigo_de_projeto_por_confirmar,2,9e1e4071de345765b4921fef8fe6d0e3b9030744934b807f41db6ddb6c5d1d87,0,0,,,0,0,0,,sem_evidencia_mtg3_nestas_fontes,0,0
cantoneiras,0381,MTG3,codigo_de_projeto_por_confirmar,1,9e1e4071de345765b4921fef8fe6d0e3b9030744934b807f41db6ddb6c5d1d87,0,0,,,0,0,0,,sem_evidencia_mtg3_nestas_fontes,0,0
cantoneiras,0406,MTG3,codigo_de_projeto_por_confirmar,4,9e1e4071de345765b4921fef8fe6d0e3b9030744934b807f41db6ddb6c5d1d87,0,0,,,0,0,0,,sem_evidencia_mtg3_nestas_fontes,0,0
cantoneiras,0543,MTG3,codigo_de_projeto_por_confirmar,1,9e1e4071de345765b4921fef8fe6d0e3b9030744934b807f41db6ddb6c5d1d87,0,0,,,0,0,0,,sem_evidencia_mtg3_nestas_fontes,0,0
cantoneiras,0771,MTG3,codigo_de_projeto_por_confirmar,1,9e1e4071de345765b4921fef8fe6d0e3b9030744934b807f41db6ddb6c5d1d87,0,0,,,0,0,0,,sem_evidencia_mtg3_nestas_fontes,0,0
cantoneiras,0854,MTG3,codigo_de_projeto_por_confirmar,42,9e1e4071de345765b4921fef8fe6d0e3b9030744934b807f41db6ddb6c5d1d87,0,0,,,42,42,1,2026-09-24,acumulado_documental_excel,0,0
cantoneiras,0917,MTG3,codigo_de_projeto_por_confirmar,1,9e1e4071de345765b4921fef8fe6d0e3b9030744934b807f41db6ddb6c5d1d87,0,0,,,0,0,0,,sem_evidencia_mtg3_nestas_fontes,0,0
cantoneiras,0979,MTG3,codigo_de_projeto_por_confirmar,2,9e1e4071de345765b4921fef8fe6d0e3b9030744934b807f41db6ddb6c5d1d87,0,0,,,0,0,0,,sem_evidencia_mtg3_nestas_fontes,0,0
cantoneiras,1,MTG3,codigo_de_projeto_por_confirmar,4,9e1e4071de345765b4921fef8fe6d0e3b9030744934b807f41db6ddb6c5d1d87,0,0,,,2,2,0,,acumulado_documental_excel,0,0
cantoneiras,1008,MTG3,codigo_de_projeto_por_confirmar,3,9e1e4071de345765b4921fef8fe6d0e3b9030744934b807f41db6ddb6c5d1d87,0,0,,,0,0,0,,sem_evidencia_mtg3_nestas_fontes,0,0
cantoneiras,102,MTG3,codigo_de_projeto_por_confirmar,1,9e1e4071de345765b4921fef8fe6d0e3b9030744934b807f41db6ddb6c5d1d87,0,0,,,0,0,1,2026-09-28,associacao_indireta_por_confirmar,0,0
cantoneiras,103,MTG3,codigo_de_projeto_por_confirmar,1,9e1e4071de345765b4921fef8fe6d0e3b9030744934b807f41db6ddb6c5d1d87,0,0,,,0,0,1,2026-09-28,associacao_indireta_por_confirmar,0,0
cantoneiras,104,MTG3,codigo_de_projeto_por_confirmar,1,9e1e4071de345765b4921fef8fe6d0e3b9030744934b807f41db6ddb6c5d1d87,0,0,,,0,0,1,2026-09-28,associacao_indireta_por_confirmar,0,0
cantoneiras,105,MTG3,codigo_de_projeto_por_confirmar,1,9e1e4071de345765b4921fef8fe6d0e3b9030744934b807f41db6ddb6c5d1d87,0,0,,,0,0,0,,sem_evidencia_mtg3_nestas_fontes,0,0
cantoneiras,1066,MTG3,codigo_de_projeto_por_confirmar,1,9e1e4071de345765b4921fef8fe6d0e3b9030744934b807f41db6ddb6c5d1d87,0,0,,,0,0,0,,sem_evidencia_mtg3_nestas_fontes,0,0
cantoneiras,107,MTG3,codigo_de_projeto_por_confirmar,2,9e1e4071de345765b4921fef8fe6d0e3b9030744934b807f41db6ddb6c5d1d87,0,0,,,0,0,0,,sem_evidencia_mtg3_nestas_fontes,0,0
cantoneiras,110,MTG3,codigo_de_projeto_por_confirmar,2,9e1e4071de345765b4921fef8fe6d0e3b9030744934b807f41db6ddb6c5d1d87,0,0,,,0,0,0,,sem_evidencia_mtg3_nestas_fontes,0,0
cantoneiras,111,MTG3,codigo_de_projeto_por_confirmar,2,9e1e4071de345765b4921fef8fe6d0e3b9030744934b807f41db6ddb6c5d1d87,0,0,,,0,0,1,2026-09-28,associacao_indireta_por_confirmar,0,0
cantoneiras,1115,MTG3,codigo_de_projeto_por_confirmar,31,9e1e4071de345765b4921fef8fe6d0e3b9030744934b807f41db6ddb6c5d1d87,0,0,,,0,0,0,,sem_evidencia_mtg3_nestas_fontes,0,0
cantoneiras,1130,MTG3,codigo_de_projeto_por_confirmar,1,9e1e4071de345765b4921fef8fe6d0e3b9030744934b807f41db6ddb6c5d1d87,0,0,,,0,0,0,,sem_evidencia_mtg3_nestas_fontes,0,0
cantoneiras,114,MTG3,codigo_de_projeto_por_confirmar,2,9e1e4071de345765b4921fef8fe6d0e3b9030744934b807f41db6ddb6c5d1d87,0,0,,,0,0,1,2026-09-28,associacao_indireta_por_confirmar,0,0
cantoneiras,1148,MTG3,codigo_de_projeto_por_confirmar,1,9e1e4071de345765b4921fef8fe6d0e3b9030744934b807f41db6ddb6c5d1d87,0,0,,,1,1,0,,acumulado_documental_excel,0,0
cantoneiras,12,MTG3,codigo_de_projeto_por_confirmar,6,9e1e4071de345765b4921fef8fe6d0e3b9030744934b807f41db6ddb6c5d1d87,0,0,,,6,6,0,,acumulado_documental_excel,0,0
cantoneiras,1234,MTG3,codigo_de_projeto_por_confirmar,43,9e1e4071de345765b4921fef8fe6d0e3b9030744934b807f41db6ddb6c5d1d87,0,0,,,43,43,2,2026-09-25,acumulado_documental_excel,0,0
cantoneiras,12640,MTG3,codigo_de_projeto_por_confirmar,2,9e1e4071de345765b4921fef8fe6d0e3b9030744934b807f41db6ddb6c5d1d87,0,0,,,0,0,0,,sem_evidencia_mtg3_nestas_fontes,0,0
cantoneiras,1283,MTG3,codigo_de_projeto_por_confirmar,1,9e1e4071de345765b4921fef8fe6d0e3b9030744934b807f41db6ddb6c5d1d87,0,0,,,1,1,0,,acumulado_documental_excel,0,0
cantoneiras,1476,MTG3,codigo_de_projeto_por_confirmar,8,9e1e4071de345765b4921fef8fe6d0e3b9030744934b807f41db6ddb6c5d1d87,0,0,,,2,2,1,2026-09-21,acumulado_documental_excel,0,0
cantoneiras,1675,MTG3,codigo_de_projeto_por_confirmar,5,9e1e4071de345765b4921fef8fe6d0e3b9030744934b807f41db6ddb6c5d1d87,0,0,,,0,0,0,,sem_evidencia_mtg3_nestas_fontes,0,0
cantoneiras,1934,MTG3,codigo_de_projeto_por_confirmar,2,9e1e4071de345765b4921fef8fe6d0e3b9030744934b807f41db6ddb6c5d1d87,0,0,,,0,0,0,,sem_evidencia_mtg3_nestas_fontes,0,0
cantoneiras,1943,MTG3,codigo_de_projeto_por_confirmar,2,9e1e4071de345765b4921fef8fe6d0e3b9030744934b807f41db6ddb6c5d1d87,0,0,,,0,0,0,,sem_evidencia_mtg3_nestas_fontes,0,0
cantoneiras,2,MTG3,codigo_de_projeto_por_confirmar,4,9e1e4071de345765b4921fef8fe6d0e3b9030744934b807f41db6ddb6c5d1d87,0,0,,,4,4,0,,acumulado_documental_excel,0,0
cantoneiras,2035,MTG3,codigo_de_projeto_por_confirmar,3,9e1e4071de345765b4921fef8fe6d0e3b9030744934b807f41db6ddb6c5d1d87,0,0,,,0,0,0,,sem_evidencia_mtg3_nestas_fontes,0,0
cantoneiras,2046,MTG3,codigo_de_projeto_por_confirmar,2,9e1e4071de345765b4921fef8fe6d0e3b9030744934b807f41db6ddb6c5d1d87,0,0,,,0,0,0,,sem_evidencia_mtg3_nestas_fontes,0,0
cantoneiras,2205,MTG3,codigo_de_projeto_por_confirmar,6,9e1e4071de345765b4921fef8fe6d0e3b9030744934b807f41db6ddb6c5d1d87,0,0,,,0,0,0,,sem_evidencia_mtg3_nestas_fontes,0,0
cantoneiras,2244,MTG3,codigo_de_projeto_por_confirmar,1,9e1e4071de345765b4921fef8fe6d0e3b9030744934b807f41db6ddb6c5d1d87,0,0,,,0,0,0,,sem_evidencia_mtg3_nestas_fontes,0,0
cantoneiras,2263,MTG3,codigo_de_projeto_por_confirmar,2,9e1e4071de345765b4921fef8fe6d0e3b9030744934b807f41db6ddb6c5d1d87,0,0,,,0,0,0,,sem_evidencia_mtg3_nestas_fontes,0,0
cantoneiras,24,MTG3,codigo_de_projeto_por_confirmar,366,9e1e4071de345765b4921fef8fe6d0e3b9030744934b807f41db6ddb6c5d1d87,75,70,2026-09-21,2026-09-30,366,366,11,2026-09-30,producao_mes_registada,0,0
cantoneiras,2568,MTG3,codigo_de_projeto_por_confirmar,2,9e1e4071de345765b4921fef8fe6d0e3b9030744934b807f41db6ddb6c5d1d87,0,0,,,2,2,0,,acumulado_documental_excel,0,0
cantoneiras,2625,MTG3,codigo_de_projeto_por_confirmar,16,9e1e4071de345765b4921fef8fe6d0e3b9030744934b807f41db6ddb6c5d1d87,0,0,,,0,0,0,,sem_evidencia_mtg3_nestas_fontes,0,0
cantoneiras,2657,MTG3,codigo_de_projeto_por_confirmar,1,9e1e4071de345765b4921fef8fe6d0e3b9030744934b807f41db6ddb6c5d1d87,0,0,,,0,0,0,,sem_evidencia_mtg3_nestas_fontes,0,0
cantoneiras,2698,MTG3,codigo_de_projeto_por_confirmar,1,9e1e4071de345765b4921fef8fe6d0e3b9030744934b807f41db6ddb6c5d1d87,0,0,,,1,1,0,,acumulado_documental_excel,0,0
cantoneiras,2778,MTG3,codigo_de_projeto_por_confirmar,1,9e1e4071de345765b4921fef8fe6d0e3b9030744934b807f41db6ddb6c5d1d87,0,0,,,0,0,0,,sem_evidencia_mtg3_nestas_fontes,0,0
cantoneiras,2793,MTG3,codigo_de_projeto_por_confirmar,1,9e1e4071de345765b4921fef8fe6d0e3b9030744934b807f41db6ddb6c5d1d87,0,0,,,0,0,0,,sem_evidencia_mtg3_nestas_fontes,0,0
cantoneiras,2998,MTG3,codigo_de_projeto_por_confirmar,1,9e1e4071de345765b4921fef8fe6d0e3b9030744934b807f41db6ddb6c5d1d87,0,0,,,1,1,1,2026-09-21,acumulado_documental_excel,0,0
cantoneiras,3159,MTG3,codigo_de_projeto_por_confirmar,2,9e1e4071de345765b4921fef8fe6d0e3b9030744934b807f41db6ddb6c5d1d87,0,0,,,0,0,0,,sem_evidencia_mtg3_nestas_fontes,0,0
cantoneiras,36,MTG3,codigo_de_projeto_por_confirmar,216,9e1e4071de345765b4921fef8fe6d0e3b9030744934b807f41db6ddb6c5d1d87,81,78,2026-09-21,2026-09-30,216,216,10,2026-09-30,producao_mes_registada,0,0
cantoneiras,4270,MTG3,codigo_de_projeto_por_confirmar,2,9e1e4071de345765b4921fef8fe6d0e3b9030744934b807f41db6ddb6c5d1d87,0,0,,,0,0,0,,sem_evidencia_mtg3_nestas_fontes,0,0
cantoneiras,4291,MTG3,codigo_de_projeto_por_confirmar,1,9e1e4071de345765b4921fef8fe6d0e3b9030744934b807f41db6ddb6c5d1d87,0,0,,,0,0,0,,sem_evidencia_mtg3_nestas_fontes,0,0
cantoneiras,4553,MTG3,codigo_de_projeto_por_confirmar,1,9e1e4071de345765b4921fef8fe6d0e3b9030744934b807f41db6ddb6c5d1d87,1,1,2026-09-23,2026-09-23,1,1,0,,producao_mes_registada,0,0
cantoneiras,4752,MTG3,codigo_de_projeto_por_confirmar,1,9e1e4071de345765b4921fef8fe6d0e3b9030744934b807f41db6ddb6c5d1d87,0,0,,,0,0,0,,sem_evidencia_mtg3_nestas_fontes,0,0
cantoneiras,4788,MTG3,codigo_de_projeto_por_confirmar,1,9e1e4071de345765b4921fef8fe6d0e3b9030744934b807f41db6ddb6c5d1d87,0,0,,,0,0,0,,sem_evidencia_mtg3_nestas_fontes,0,0
cantoneiras,4960,MTG3,codigo_de_projeto_por_confirmar,3,9e1e4071de345765b4921fef8fe6d0e3b9030744934b807f41db6ddb6c5d1d87,0,0,,,3,3,0,,acumulado_documental_excel,0,0
cantoneiras,5004,MTG3,codigo_de_projeto_por_confirmar,1,9e1e4071de345765b4921fef8fe6d0e3b9030744934b807f41db6ddb6c5d1d87,0,0,,,0,0,0,,sem_evidencia_mtg3_nestas_fontes,0,0
cantoneiras,5120,MTG3,codigo_de_projeto_por_confirmar,1,9e1e4071de345765b4921fef8fe6d0e3b9030744934b807f41db6ddb6c5d1d87,0,0,,,0,0,0,,sem_evidencia_mtg3_nestas_fontes,0,0
cantoneiras,5158,MTG3,codigo_de_projeto_por_confirmar,1,9e1e4071de345765b4921fef8fe6d0e3b9030744934b807f41db6ddb6c5d1d87,0,0,,,0,0,0,,sem_evidencia_mtg3_nestas_fontes,0,0
cantoneiras,5189,MTG3,codigo_de_projeto_por_confirmar,1,9e1e4071de345765b4921fef8fe6d0e3b9030744934b807f41db6ddb6c5d1d87,0,0,,,1,1,0,,acumulado_documental_excel,0,0
cantoneiras,5826,MTG3,codigo_de_projeto_por_confirmar,50,9e1e4071de345765b4921fef8fe6d0e3b9030744934b807f41db6ddb6c5d1d87,0,0,,,37,37,0,,acumulado_documental_excel,0,0
cantoneiras,5827,MTG3,codigo_de_projeto_por_confirmar,35,9e1e4071de345765b4921fef8fe6d0e3b9030744934b807f41db6ddb6c5d1d87,0,0,,,35,35,0,,acumulado_documental_excel,0,0
cantoneiras,5828,MTG3,codigo_de_projeto_por_confirmar,35,9e1e4071de345765b4921fef8fe6d0e3b9030744934b807f41db6ddb6c5d1d87,0,0,,,30,30,0,,acumulado_documental_excel,0,0
cantoneiras,5829,MTG3,codigo_de_projeto_por_confirmar,38,9e1e4071de345765b4921fef8fe6d0e3b9030744934b807f41db6ddb6c5d1d87,0,0,,,30,30,0,,acumulado_documental_excel,0,0
cantoneiras,5877,MTG3,codigo_de_projeto_por_confirmar,118,9e1e4071de345765b4921fef8fe6d0e3b9030744934b807f41db6ddb6c5d1d87,2,2,2026-09-22,2026-09-22,118,118,0,,producao_mes_registada,0,0
cantoneiras,5943,MTG3,codigo_de_projeto_por_confirmar,1,9e1e4071de345765b4921fef8fe6d0e3b9030744934b807f41db6ddb6c5d1d87,0,0,,,0,0,0,,sem_evidencia_mtg3_nestas_fontes,0,0
cantoneiras,5954,MTG3,codigo_de_projeto_por_confirmar,1,9e1e4071de345765b4921fef8fe6d0e3b9030744934b807f41db6ddb6c5d1d87,0,0,,,0,0,1,2026-09-22,associacao_indireta_por_confirmar,0,0
cantoneiras,6273,MTG3,codigo_de_projeto_por_confirmar,3,9e1e4071de345765b4921fef8fe6d0e3b9030744934b807f41db6ddb6c5d1d87,0,0,,,0,0,0,,sem_evidencia_mtg3_nestas_fontes,0,0
cantoneiras,6647,MTG3,codigo_de_projeto_por_confirmar,8,9e1e4071de345765b4921fef8fe6d0e3b9030744934b807f41db6ddb6c5d1d87,0,0,,,0,0,0,,sem_evidencia_mtg3_nestas_fontes,0,0
cantoneiras,6708,MTG3,codigo_de_projeto_por_confirmar,16,9e1e4071de345765b4921fef8fe6d0e3b9030744934b807f41db6ddb6c5d1d87,0,0,,,0,0,3,2026-09-24,associacao_indireta_por_confirmar,0,0
cantoneiras,7152,MTG3,codigo_de_projeto_por_confirmar,137,9e1e4071de345765b4921fef8fe6d0e3b9030744934b807f41db6ddb6c5d1d87,0,0,,,0,137,0,,apenas_planeamento,0,0
cantoneiras,7355,MTG3,codigo_de_projeto_por_confirmar,8,9e1e4071de345765b4921fef8fe6d0e3b9030744934b807f41db6ddb6c5d1d87,0,0,,,0,0,0,,sem_evidencia_mtg3_nestas_fontes,0,0
cantoneiras,8072,MTG3,codigo_de_projeto_por_confirmar,1,9e1e4071de345765b4921fef8fe6d0e3b9030744934b807f41db6ddb6c5d1d87,0,0,,,0,0,0,,sem_evidencia_mtg3_nestas_fontes,0,0
cantoneiras,8102,MTG3,codigo_de_projeto_por_confirmar,2,9e1e4071de345765b4921fef8fe6d0e3b9030744934b807f41db6ddb6c5d1d87,0,0,,,0,0,0,,sem_evidencia_mtg3_nestas_fontes,0,0
cantoneiras,8741,MTG3,codigo_de_projeto_por_confirmar,1,9e1e4071de345765b4921fef8fe6d0e3b9030744934b807f41db6ddb6c5d1d87,0,0,,,0,0,0,,sem_evidencia_mtg3_nestas_fontes,0,0
cantoneiras,8951,MTG3,codigo_de_projeto_por_confirmar,6,9e1e4071de345765b4921fef8fe6d0e3b9030744934b807f41db6ddb6c5d1d87,0,0,,,6,6,0,,acumulado_documental_excel,0,0
cantoneiras,9422,MTG3,codigo_de_projeto_por_confirmar,25,9e1e4071de345765b4921fef8fe6d0e3b9030744934b807f41db6ddb6c5d1d87,0,0,,,1,1,0,,acumulado_documental_excel,0,0
cantoneiras,9579,MTG3,codigo_de_projeto_por_confirmar,9,9e1e4071de345765b4921fef8fe6d0e3b9030744934b807f41db6ddb6c5d1d87,0,0,,,2,2,0,,acumulado_documental_excel,0,0
cantoneiras,9697,MTG3,codigo_de_projeto_por_confirmar,3,9e1e4071de345765b4921fef8fe6d0e3b9030744934b807f41db6ddb6c5d1d87,0,0,,,0,0,0,,sem_evidencia_mtg3_nestas_fontes,0,0
cantoneiras,A,MTG3,prefixo_demasiado_generico,28,9e1e4071de345765b4921fef8fe6d0e3b9030744934b807f41db6ddb6c5d1d87,5,3,2026-09-22,2026-09-28,27,28,0,,producao_mes_registada,0,0
cantoneiras,A10,MTG3,candidata_por_confirmar,86,9e1e4071de345765b4921fef8fe6d0e3b9030744934b807f41db6ddb6c5d1d87,0,0,,,84,86,0,,acumulado_documental_excel,0,0
cantoneiras,A12,MTG3,forte_padrao_e_uma_of,101,9e1e4071de345765b4921fef8fe6d0e3b9030744934b807f41db6ddb6c5d1d87,0,0,,,101,101,0,,acumulado_documental_excel,0,0
cantoneiras,A131,MTG3,candidata_por_confirmar,1,9e1e4071de345765b4921fef8fe6d0e3b9030744934b807f41db6ddb6c5d1d87,0,0,,,0,0,0,,sem_evidencia_mtg3_nestas_fontes,0,0
cantoneiras,A18,MTG3,forte_padrao_e_uma_of,98,9e1e4071de345765b4921fef8fe6d0e3b9030744934b807f41db6ddb6c5d1d87,34,31,2026-08-27,2026-09-18,97,97,3,2026-09-18,producao_mes_registada,0,0
cantoneiras,A21,MTG3,candidata_por_confirmar,90,9e1e4071de345765b4921fef8fe6d0e3b9030744934b807f41db6ddb6c5d1d87,0,0,,,90,90,0,,acumulado_documental_excel,0,0
cantoneiras,A25,MTG3,candidata_por_confirmar,81,9e1e4071de345765b4921fef8fe6d0e3b9030744934b807f41db6ddb6c5d1d87,0,0,,,81,81,0,,acumulado_documental_excel,0,0
cantoneiras,A3,MTG3,candidata_por_confirmar,1,9e1e4071de345765b4921fef8fe6d0e3b9030744934b807f41db6ddb6c5d1d87,0,0,,,1,1,0,,acumulado_documental_excel,0,0
cantoneiras,A30,MTG3,candidata_por_confirmar,88,9e1e4071de345765b4921fef8fe6d0e3b9030744934b807f41db6ddb6c5d1d87,0,0,,,88,88,0,,acumulado_documental_excel,0,0
cantoneiras,A31,MTG3,candidata_por_confirmar,97,9e1e4071de345765b4921fef8fe6d0e3b9030744934b807f41db6ddb6c5d1d87,32,30,2026-08-26,2026-08-28,97,97,1,2026-09-21,producao_mes_registada,0,0
cantoneiras,A35,MTG3,candidata_por_confirmar,351,9e1e4071de345765b4921fef8fe6d0e3b9030744934b807f41db6ddb6c5d1d87,0,0,,,351,351,0,,acumulado_documental_excel,0,0
cantoneiras,A4,MTG3,candidata_por_confirmar,309,9e1e4071de345765b4921fef8fe6d0e3b9030744934b807f41db6ddb6c5d1d87,137,122,2026-08-28,2026-09-22,308,309,0,,producao_mes_registada,0,0
cantoneiras,A562,MTG3,candidata_por_confirmar,1,9e1e4071de345765b4921fef8fe6d0e3b9030744934b807f41db6ddb6c5d1d87,0,0,,,0,0,0,,sem_evidencia_mtg3_nestas_fontes,0,0
cantoneiras,A6,MTG3,candidata_por_confirmar,291,9e1e4071de345765b4921fef8fe6d0e3b9030744934b807f41db6ddb6c5d1d87,12,12,2026-09-21,2026-09-24,275,291,0,,producao_mes_registada,0,0
cantoneiras,A620,MTG3,candidata_por_confirmar,1,9e1e4071de345765b4921fef8fe6d0e3b9030744934b807f41db6ddb6c5d1d87,0,0,,,0,0,0,,sem_evidencia_mtg3_nestas_fontes,0,0
cantoneiras,A7,MTG3,candidata_por_confirmar,72,9e1e4071de345765b4921fef8fe6d0e3b9030744934b807f41db6ddb6c5d1d87,0,0,,,72,72,0,,acumulado_documental_excel,0,0
cantoneiras,A8,MTG3,candidata_por_confirmar,164,9e1e4071de345765b4921fef8fe6d0e3b9030744934b807f41db6ddb6c5d1d87,1,1,2026-08-26,2026-08-26,164,164,0,,producao_mes_registada,0,0
cantoneiras,A9,MTG3,candidata_por_confirmar,84,9e1e4071de345765b4921fef8fe6d0e3b9030744934b807f41db6ddb6c5d1d87,0,0,,,84,84,0,,acumulado_documental_excel,0,0
cantoneiras,A902,MTG3,candidata_por_confirmar,1,9e1e4071de345765b4921fef8fe6d0e3b9030744934b807f41db6ddb6c5d1d87,0,0,,,0,0,0,,sem_evidencia_mtg3_nestas_fontes,0,0
cantoneiras,AB,MTG3,candidata_por_confirmar,19,9e1e4071de345765b4921fef8fe6d0e3b9030744934b807f41db6ddb6c5d1d87,0,0,,,0,19,0,,apenas_planeamento,0,0
cantoneiras,AEH,MTG3,candidata_por_confirmar,53,9e1e4071de345765b4921fef8fe6d0e3b9030744934b807f41db6ddb6c5d1d87,3,3,2026-08-28,2026-08-28,53,53,0,,producao_mes_registada,0,0
cantoneiras,AEHI,MTG3,candidata_por_confirmar,2,9e1e4071de345765b4921fef8fe6d0e3b9030744934b807f41db6ddb6c5d1d87,2,2,2026-08-28,2026-08-28,0,0,0,,producao_mes_registada,0,0
cantoneiras,AS,MTG3,candidata_por_confirmar,73,9e1e4071de345765b4921fef8fe6d0e3b9030744934b807f41db6ddb6c5d1d87,3,3,2026-08-28,2026-09-24,72,72,1,2026-09-26,producao_mes_registada,0,0
cantoneiras,ASI,MTG3,candidata_por_confirmar,2,9e1e4071de345765b4921fef8fe6d0e3b9030744934b807f41db6ddb6c5d1d87,2,2,2026-08-28,2026-08-28,0,0,0,,producao_mes_registada,0,0
cantoneiras,ASII,MTG3,candidata_por_confirmar,1,9e1e4071de345765b4921fef8fe6d0e3b9030744934b807f41db6ddb6c5d1d87,1,1,2026-08-28,2026-08-28,0,0,0,,producao_mes_registada,0,0
cantoneiras,ASM,MTG3,candidata_por_confirmar,1,9e1e4071de345765b4921fef8fe6d0e3b9030744934b807f41db6ddb6c5d1d87,1,1,2026-08-28,2026-08-28,0,0,0,,producao_mes_registada,0,0
cantoneiras,AT,MTG3,candidata_por_confirmar,2,9e1e4071de345765b4921fef8fe6d0e3b9030744934b807f41db6ddb6c5d1d87,2,2,2026-08-28,2026-08-28,0,0,0,,producao_mes_registada,0,0
cantoneiras,AT1,MTG3,candidata_por_confirmar,133,9e1e4071de345765b4921fef8fe6d0e3b9030744934b807f41db6ddb6c5d1d87,8,8,2026-08-27,2026-08-28,133,133,0,,producao_mes_registada,0,0
cantoneiras,AT2,MTG3,candidata_por_confirmar,84,9e1e4071de345765b4921fef8fe6d0e3b9030744934b807f41db6ddb6c5d1d87,4,4,2026-08-28,2026-09-24,84,84,1,2026-09-26,producao_mes_registada,0,0
cantoneiras,ATI,MTG3,candidata_por_confirmar,1,9e1e4071de345765b4921fef8fe6d0e3b9030744934b807f41db6ddb6c5d1d87,1,1,2026-08-28,2026-08-28,0,0,0,,producao_mes_registada,0,0
cantoneiras,ATIT,MTG3,candidata_por_confirmar,1,9e1e4071de345765b4921fef8fe6d0e3b9030744934b807f41db6ddb6c5d1d87,1,1,2026-08-28,2026-08-28,0,0,0,,producao_mes_registada,0,0
cantoneiras,ATQT,MTG3,candidata_por_confirmar,1,9e1e4071de345765b4921fef8fe6d0e3b9030744934b807f41db6ddb6c5d1d87,1,1,2026-08-28,2026-08-28,0,0,0,,producao_mes_registada,0,0
cantoneiras,B307,MTG3,candidata_por_confirmar,1,9e1e4071de345765b4921fef8fe6d0e3b9030744934b807f41db6ddb6c5d1d87,0,0,,,0,0,0,,sem_evidencia_mtg3_nestas_fontes,0,0
cantoneiras,B713,MTG3,candidata_por_confirmar,1,9e1e4071de345765b4921fef8fe6d0e3b9030744934b807f41db6ddb6c5d1d87,0,0,,,0,0,0,,sem_evidencia_mtg3_nestas_fontes,0,0
cantoneiras,BA12,MTG3,candidata_por_confirmar,19,9e1e4071de345765b4921fef8fe6d0e3b9030744934b807f41db6ddb6c5d1d87,0,0,,,3,3,0,,acumulado_documental_excel,0,0
cantoneiras,C091,MTG3,candidata_por_confirmar,4,9e1e4071de345765b4921fef8fe6d0e3b9030744934b807f41db6ddb6c5d1d87,0,0,,,0,0,0,,sem_evidencia_mtg3_nestas_fontes,0,0
cantoneiras,C097,MTG3,candidata_por_confirmar,1,9e1e4071de345765b4921fef8fe6d0e3b9030744934b807f41db6ddb6c5d1d87,0,0,,,0,0,0,,sem_evidencia_mtg3_nestas_fontes,0,0
cantoneiras,C195,MTG3,candidata_por_confirmar,1,9e1e4071de345765b4921fef8fe6d0e3b9030744934b807f41db6ddb6c5d1d87,0,0,,,0,0,0,,sem_evidencia_mtg3_nestas_fontes,0,0
cantoneiras,C4,MTG3,forte_padrao_e_varias_of,255,9e1e4071de345765b4921fef8fe6d0e3b9030744934b807f41db6ddb6c5d1d87,28,22,2026-08-27,2026-08-28,252,252,0,,producao_mes_registada,0,0
cantoneiras,CA,MTG3,candidata_por_confirmar,5,9e1e4071de345765b4921fef8fe6d0e3b9030744934b807f41db6ddb6c5d1d87,0,0,,,0,0,0,,sem_evidencia_mtg3_nestas_fontes,0,0
cantoneiras,CA1,MTG3,forte_padrao_e_varias_of,12,9e1e4071de345765b4921fef8fe6d0e3b9030744934b807f41db6ddb6c5d1d87,0,0,,,4,4,0,,acumulado_documental_excel,0,0
cantoneiras,CA10,MTG3,candidata_por_confirmar,3,9e1e4071de345765b4921fef8fe6d0e3b9030744934b807f41db6ddb6c5d1d87,0,0,,,0,0,0,,sem_evidencia_mtg3_nestas_fontes,0,0
cantoneiras,CA17,MTG3,candidata_por_confirmar,2,9e1e4071de345765b4921fef8fe6d0e3b9030744934b807f41db6ddb6c5d1d87,0,0,,,0,0,0,,sem_evidencia_mtg3_nestas_fontes,0,0
cantoneiras,CA22,MTG3,forte_padrao_e_varias_of,53,9e1e4071de345765b4921fef8fe6d0e3b9030744934b807f41db6ddb6c5d1d87,0,0,,,7,7,2,2026-09-22,acumulado_documental_excel,0,0
cantoneiras,CA24,MTG3,candidata_por_confirmar,1,9e1e4071de345765b4921fef8fe6d0e3b9030744934b807f41db6ddb6c5d1d87,0,0,,,0,0,0,,sem_evidencia_mtg3_nestas_fontes,0,0
cantoneiras,CA54,MTG3,candidata_por_confirmar,3,9e1e4071de345765b4921fef8fe6d0e3b9030744934b807f41db6ddb6c5d1d87,0,0,,,3,3,0,,acumulado_documental_excel,0,0
cantoneiras,CA6,MTG3,candidata_por_confirmar,6,9e1e4071de345765b4921fef8fe6d0e3b9030744934b807f41db6ddb6c5d1d87,0,0,,,0,0,0,,sem_evidencia_mtg3_nestas_fontes,0,0
cantoneiras,CA63,MTG3,forte_padrao_e_varias_of,26,9e1e4071de345765b4921fef8fe6d0e3b9030744934b807f41db6ddb6c5d1d87,0,0,,,0,0,0,,sem_evidencia_mtg3_nestas_fontes,0,0
cantoneiras,CD,MTG3,candidata_por_confirmar,1,9e1e4071de345765b4921fef8fe6d0e3b9030744934b807f41db6ddb6c5d1d87,0,0,,,0,0,0,,sem_evidencia_mtg3_nestas_fontes,0,0
cantoneiras,CD05,MTG3,candidata_por_confirmar,34,9e1e4071de345765b4921fef8fe6d0e3b9030744934b807f41db6ddb6c5d1d87,0,0,,,0,3,0,,apenas_planeamento,0,0
cantoneiras,CD10,MTG3,candidata_por_confirmar,1,9e1e4071de345765b4921fef8fe6d0e3b9030744934b807f41db6ddb6c5d1d87,5,1,2026-09-22,2026-09-22,1,1,0,,producao_mes_registada,0,0
cantoneiras,CDBRO,MTG3,candidata_por_confirmar,1,9e1e4071de345765b4921fef8fe6d0e3b9030744934b807f41db6ddb6c5d1d87,0,0,,,1,1,0,,acumulado_documental_excel,0,0
cantoneiras,CDOSTG,MTG3,candidata_por_confirmar,1,9e1e4071de345765b4921fef8fe6d0e3b9030744934b807f41db6ddb6c5d1d87,1,1,2026-08-28,2026-08-28,0,0,0,,producao_mes_registada,0,0
cantoneiras,CDPTM,MTG3,candidata_por_confirmar,1,9e1e4071de345765b4921fef8fe6d0e3b9030744934b807f41db6ddb6c5d1d87,4,1,2026-09-22,2026-09-22,1,1,0,,producao_mes_registada,0,0
cantoneiras,CDPTO,MTG3,candidata_por_confirmar,1,9e1e4071de345765b4921fef8fe6d0e3b9030744934b807f41db6ddb6c5d1d87,0,0,,,1,1,0,,acumulado_documental_excel,0,0
cantoneiras,CDTPM,MTG3,candidata_por_confirmar,1,9e1e4071de345765b4921fef8fe6d0e3b9030744934b807f41db6ddb6c5d1d87,0,0,,,0,0,0,,sem_evidencia_mtg3_nestas_fontes,0,0
cantoneiras,CE,MTG3,candidata_por_confirmar,7,9e1e4071de345765b4921fef8fe6d0e3b9030744934b807f41db6ddb6c5d1d87,0,0,,,0,0,0,,sem_evidencia_mtg3_nestas_fontes,0,0
cantoneiras,CE01,MTG3,candidata_por_confirmar,2,9e1e4071de345765b4921fef8fe6d0e3b9030744934b807f41db6ddb6c5d1d87,0,0,,,0,0,0,,sem_evidencia_mtg3_nestas_fontes,0,0
cantoneiras,CES4,MTG3,candidata_por_confirmar,1,9e1e4071de345765b4921fef8fe6d0e3b9030744934b807f41db6ddb6c5d1d87,0,0,,,0,0,0,,sem_evidencia_mtg3_nestas_fontes,0,0
cantoneiras,CF,MTG3,candidata_por_confirmar,3,9e1e4071de345765b4921fef8fe6d0e3b9030744934b807f41db6ddb6c5d1d87,0,0,,,3,3,2,2026-09-30,acumulado_documental_excel,0,0
cantoneiras,CG22,MTG3,candidata_por_confirmar,1,9e1e4071de345765b4921fef8fe6d0e3b9030744934b807f41db6ddb6c5d1d87,0,0,,,0,0,0,,sem_evidencia_mtg3_nestas_fontes,0,0
cantoneiras,CR,MTG3,candidata_por_confirmar,24,9e1e4071de345765b4921fef8fe6d0e3b9030744934b807f41db6ddb6c5d1d87,0,0,,,24,24,0,,acumulado_documental_excel,0,0
cantoneiras,CR00,MTG3,candidata_por_confirmar,7,9e1e4071de345765b4921fef8fe6d0e3b9030744934b807f41db6ddb6c5d1d87,0,0,,,0,0,0,,sem_evidencia_mtg3_nestas_fontes,0,0
cantoneiras,CR03,MTG3,candidata_por_confirmar,4,9e1e4071de345765b4921fef8fe6d0e3b9030744934b807f41db6ddb6c5d1d87,0,0,,,0,0,0,,sem_evidencia_mtg3_nestas_fontes,0,0
cantoneiras,CR10,MTG3,candidata_por_confirmar,4,9e1e4071de345765b4921fef8fe6d0e3b9030744934b807f41db6ddb6c5d1d87,0,0,,,2,2,2,2026-09-22,acumulado_documental_excel,0,0
cantoneiras,CR12,MTG3,candidata_por_confirmar,1,9e1e4071de345765b4921fef8fe6d0e3b9030744934b807f41db6ddb6c5d1d87,0,0,,,0,0,0,,sem_evidencia_mtg3_nestas_fontes,0,0
cantoneiras,CR17,MTG3,candidata_por_confirmar,2,9e1e4071de345765b4921fef8fe6d0e3b9030744934b807f41db6ddb6c5d1d87,0,0,,,0,0,0,,sem_evidencia_mtg3_nestas_fontes,0,0
cantoneiras,CR19,MTG3,candidata_por_confirmar,1,9e1e4071de345765b4921fef8fe6d0e3b9030744934b807f41db6ddb6c5d1d87,0,0,,,0,0,0,,sem_evidencia_mtg3_nestas_fontes,0,0
cantoneiras,CS,MTG3,forte_padrao_e_uma_of,116,9e1e4071de345765b4921fef8fe6d0e3b9030744934b807f41db6ddb6c5d1d87,0,0,,,114,114,0,,acumulado_documental_excel,0,0
cantoneiras,CT,MTG3,candidata_por_confirmar,1,9e1e4071de345765b4921fef8fe6d0e3b9030744934b807f41db6ddb6c5d1d87,0,0,,,0,0,0,,sem_evidencia_mtg3_nestas_fontes,0,0
cantoneiras,CWA,MTG3,forte_padrao_e_varias_of,354,9e1e4071de345765b4921fef8fe6d0e3b9030744934b807f41db6ddb6c5d1d87,124,113,2026-09-16,2026-09-30,354,354,0,,producao_mes_registada,0,0
cantoneiras,CWR,MTG3,forte_padrao_e_varias_of,340,9e1e4071de345765b4921fef8fe6d0e3b9030744934b807f41db6ddb6c5d1d87,0,0,,,340,340,0,,acumulado_documental_excel,0,0
cantoneiras,CWS,MTG3,forte_padrao_e_varias_of,288,9e1e4071de345765b4921fef8fe6d0e3b9030744934b807f41db6ddb6c5d1d87,153,119,2026-08-28,2026-08-31,288,288,0,,producao_mes_registada,0,0
cantoneiras,CWT,MTG3,forte_padrao_e_varias_of,230,9e1e4071de345765b4921fef8fe6d0e3b9030744934b807f41db6ddb6c5d1d87,0,0,,,217,230,4,2026-09-30,acumulado_documental_excel,0,0
cantoneiras,D,MTG3,prefixo_demasiado_generico,30,9e1e4071de345765b4921fef8fe6d0e3b9030744934b807f41db6ddb6c5d1d87,0,0,,,30,30,0,,acumulado_documental_excel,0,0
cantoneiras,D10,MTG3,forte_padrao_e_uma_of,247,9e1e4071de345765b4921fef8fe6d0e3b9030744934b807f41db6ddb6c5d1d87,5,5,2026-09-01,2026-09-24,247,247,0,,producao_mes_registada,0,0
cantoneiras,D13,MTG3,candidata_por_confirmar,125,9e1e4071de345765b4921fef8fe6d0e3b9030744934b807f41db6ddb6c5d1d87,180,64,2026-09-18,2026-09-30,125,125,26,2026-09-28,producao_mes_registada,0,0
cantoneiras,D16,MTG3,candidata_por_confirmar,161,9e1e4071de345765b4921fef8fe6d0e3b9030744934b807f41db6ddb6c5d1d87,0,0,,,161,161,0,,acumulado_documental_excel,0,0
cantoneiras,D20,MTG3,candidata_por_confirmar,113,9e1e4071de345765b4921fef8fe6d0e3b9030744934b807f41db6ddb6c5d1d87,0,0,,,113,113,0,,acumulado_documental_excel,0,0
cantoneiras,D25,MTG3,candidata_por_confirmar,2,9e1e4071de345765b4921fef8fe6d0e3b9030744934b807f41db6ddb6c5d1d87,0,0,,,2,2,0,,acumulado_documental_excel,0,0
cantoneiras,D3,MTG3,candidata_por_confirmar,588,9e1e4071de345765b4921fef8fe6d0e3b9030744934b807f41db6ddb6c5d1d87,0,0,,,588,588,0,,acumulado_documental_excel,0,0
cantoneiras,D32,MTG3,candidata_por_confirmar,167,9e1e4071de345765b4921fef8fe6d0e3b9030744934b807f41db6ddb6c5d1d87,0,0,,,167,167,0,,acumulado_documental_excel,0,0
cantoneiras,D4,MTG3,candidata_por_confirmar,17,9e1e4071de345765b4921fef8fe6d0e3b9030744934b807f41db6ddb6c5d1d87,4,4,2026-09-29,2026-09-30,17,17,0,,producao_mes_registada,0,0
cantoneiras,D6,MTG3,candidata_por_confirmar,181,9e1e4071de345765b4921fef8fe6d0e3b9030744934b807f41db6ddb6c5d1d87,2,2,2026-09-24,2026-09-24,181,181,0,,producao_mes_registada,0,0
cantoneiras,D8,MTG3,candidata_por_confirmar,247,9e1e4071de345765b4921fef8fe6d0e3b9030744934b807f41db6ddb6c5d1d87,60,48,2026-09-01,2026-09-29,247,247,10,2026-09-29,producao_mes_registada,0,0
cantoneiras,DA,MTG3,candidata_por_confirmar,11,9e1e4071de345765b4921fef8fe6d0e3b9030744934b807f41db6ddb6c5d1d87,0,0,,,11,11,0,,acumulado_documental_excel,0,0
cantoneiras,DB,MTG3,candidata_por_confirmar,4,9e1e4071de345765b4921fef8fe6d0e3b9030744934b807f41db6ddb6c5d1d87,0,0,,,4,4,0,,acumulado_documental_excel,0,0
cantoneiras,DB202,MTG3,candidata_por_confirmar,3,9e1e4071de345765b4921fef8fe6d0e3b9030744934b807f41db6ddb6c5d1d87,0,0,,,3,3,0,,acumulado_documental_excel,0,0
cantoneiras,DC,MTG3,candidata_por_confirmar,2,9e1e4071de345765b4921fef8fe6d0e3b9030744934b807f41db6ddb6c5d1d87,0,0,,,2,2,0,,acumulado_documental_excel,0,0
cantoneiras,DC64,MTG3,candidata_por_confirmar,44,9e1e4071de345765b4921fef8fe6d0e3b9030744934b807f41db6ddb6c5d1d87,0,0,,,44,44,0,,acumulado_documental_excel,0,0
cantoneiras,DLA,MTG3,forte_padrao_e_varias_of,1363,9e1e4071de345765b4921fef8fe6d0e3b9030744934b807f41db6ddb6c5d1d87,61,61,2026-09-16,2026-09-30,1360,1363,32,2026-09-30,producao_mes_registada,0,0
cantoneiras,DLR,MTG3,forte_padrao_e_varias_of,1347,9e1e4071de345765b4921fef8fe6d0e3b9030744934b807f41db6ddb6c5d1d87,21,19,2026-09-01,2026-09-22,1347,1347,26,2026-09-29,producao_mes_registada,0,0
cantoneiras,DLS,MTG3,forte_padrao_e_varias_of,699,9e1e4071de345765b4921fef8fe6d0e3b9030744934b807f41db6ddb6c5d1d87,27,22,2026-09-19,2026-09-26,492,699,37,2026-09-30,producao_mes_registada,0,0
cantoneiras,DLT,MTG3,forte_padrao_e_varias_of,913,9e1e4071de345765b4921fef8fe6d0e3b9030744934b807f41db6ddb6c5d1d87,131,122,2026-08-26,2026-09-28,884,913,44,2026-09-30,producao_mes_registada,0,0
cantoneiras,DLTN,MTG3,forte_padrao_e_uma_of,176,9e1e4071de345765b4921fef8fe6d0e3b9030744934b807f41db6ddb6c5d1d87,0,0,,,176,176,0,,acumulado_documental_excel,0,0
cantoneiras,DS,MTG3,forte_padrao_e_varias_of,88,9e1e4071de345765b4921fef8fe6d0e3b9030744934b807f41db6ddb6c5d1d87,0,0,,,88,88,0,,acumulado_documental_excel,0,0
cantoneiras,E,MTG3,prefixo_demasiado_generico,413,9e1e4071de345765b4921fef8fe6d0e3b9030744934b807f41db6ddb6c5d1d87,11,10,2026-08-28,2026-09-22,373,411,5,2026-09-21,producao_mes_registada,0,0
cantoneiras,E02,MTG3,candidata_por_confirmar,1,9e1e4071de345765b4921fef8fe6d0e3b9030744934b807f41db6ddb6c5d1d87,1,1,2026-08-26,2026-08-26,0,0,0,,producao_mes_registada,0,0
cantoneiras,E1818,MTG3,candidata_por_confirmar,2,9e1e4071de345765b4921fef8fe6d0e3b9030744934b807f41db6ddb6c5d1d87,0,0,,,2,2,0,,acumulado_documental_excel,0,0
cantoneiras,E2,MTG3,candidata_por_confirmar,86,9e1e4071de345765b4921fef8fe6d0e3b9030744934b807f41db6ddb6c5d1d87,97,45,2026-08-26,2026-08-28,84,84,0,,producao_mes_registada,0,0
cantoneiras,E3,MTG3,candidata_por_confirmar,2,9e1e4071de345765b4921fef8fe6d0e3b9030744934b807f41db6ddb6c5d1d87,0,0,,,2,2,0,,acumulado_documental_excel,0,0
cantoneiras,E4,MTG3,candidata_por_confirmar,4,9e1e4071de345765b4921fef8fe6d0e3b9030744934b807f41db6ddb6c5d1d87,0,0,,,4,4,0,,acumulado_documental_excel,0,0
cantoneiras,E41512,MTG3,candidata_por_confirmar,2,9e1e4071de345765b4921fef8fe6d0e3b9030744934b807f41db6ddb6c5d1d87,0,0,,,2,2,0,,acumulado_documental_excel,0,0
cantoneiras,E41518,MTG3,candidata_por_confirmar,2,9e1e4071de345765b4921fef8fe6d0e3b9030744934b807f41db6ddb6c5d1d87,0,0,,,2,2,0,,acumulado_documental_excel,0,0
cantoneiras,E42024,MTG3,candidata_por_confirmar,2,9e1e4071de345765b4921fef8fe6d0e3b9030744934b807f41db6ddb6c5d1d87,0,0,,,2,2,0,,acumulado_documental_excel,0,0
cantoneiras,EA,MTG3,candidata_por_confirmar,5,9e1e4071de345765b4921fef8fe6d0e3b9030744934b807f41db6ddb6c5d1d87,0,0,,,5,5,0,,acumulado_documental_excel,0,0
cantoneiras,EA10,MTG3,candidata_por_confirmar,89,9e1e4071de345765b4921fef8fe6d0e3b9030744934b807f41db6ddb6c5d1d87,0,0,,,89,89,0,,acumulado_documental_excel,0,0
cantoneiras,EA12,MTG3,candidata_por_confirmar,150,9e1e4071de345765b4921fef8fe6d0e3b9030744934b807f41db6ddb6c5d1d87,1,1,2026-09-24,2026-09-24,150,150,0,,producao_mes_registada,0,0
cantoneiras,EA18,MTG3,candidata_por_confirmar,73,9e1e4071de345765b4921fef8fe6d0e3b9030744934b807f41db6ddb6c5d1d87,22,19,2026-08-27,2026-09-21,73,73,0,,producao_mes_registada,0,0
cantoneiras,EA21,MTG3,candidata_por_confirmar,68,9e1e4071de345765b4921fef8fe6d0e3b9030744934b807f41db6ddb6c5d1d87,0,0,,,68,68,0,,acumulado_documental_excel,0,0
cantoneiras,EA4,MTG3,candidata_por_confirmar,150,9e1e4071de345765b4921fef8fe6d0e3b9030744934b807f41db6ddb6c5d1d87,10,10,2026-08-28,2026-09-18,150,150,0,,producao_mes_registada,0,0
cantoneiras,EA6,MTG3,candidata_por_confirmar,352,9e1e4071de345765b4921fef8fe6d0e3b9030744934b807f41db6ddb6c5d1d87,23,21,2026-09-21,2026-09-24,352,352,0,,producao_mes_registada,0,0
cantoneiras,EA8,MTG3,candidata_por_confirmar,134,9e1e4071de345765b4921fef8fe6d0e3b9030744934b807f41db6ddb6c5d1d87,14,12,2026-08-26,2026-09-28,133,133,0,,producao_mes_registada,0,0
cantoneiras,EC,MTG3,candidata_por_confirmar,12,9e1e4071de345765b4921fef8fe6d0e3b9030744934b807f41db6ddb6c5d1d87,4,4,2026-08-26,2026-08-28,11,11,0,,producao_mes_registada,0,0
cantoneiras,ED,MTG3,candidata_por_confirmar,1,9e1e4071de345765b4921fef8fe6d0e3b9030744934b807f41db6ddb6c5d1d87,0,0,,,1,1,0,,acumulado_documental_excel,0,0
cantoneiras,ED10,MTG3,candidata_por_confirmar,61,9e1e4071de345765b4921fef8fe6d0e3b9030744934b807f41db6ddb6c5d1d87,0,0,,,61,61,0,,acumulado_documental_excel,0,0
cantoneiras,ED13,MTG3,candidata_por_confirmar,164,9e1e4071de345765b4921fef8fe6d0e3b9030744934b807f41db6ddb6c5d1d87,207,77,2026-09-18,2026-09-29,164,164,26,2026-09-28,producao_mes_registada,0,0
cantoneiras,ED25,MTG3,candidata_por_confirmar,1,9e1e4071de345765b4921fef8fe6d0e3b9030744934b807f41db6ddb6c5d1d87,0,0,,,1,1,0,,acumulado_documental_excel,0,0
cantoneiras,ED32,MTG3,candidata_por_confirmar,84,9e1e4071de345765b4921fef8fe6d0e3b9030744934b807f41db6ddb6c5d1d87,1,1,2026-09-24,2026-09-24,84,84,0,,producao_mes_registada,0,0
cantoneiras,ED4,MTG3,candidata_por_confirmar,201,9e1e4071de345765b4921fef8fe6d0e3b9030744934b807f41db6ddb6c5d1d87,114,99,2026-09-25,2026-09-30,201,201,3,2026-09-30,producao_mes_registada,0,0
cantoneiras,ED6,MTG3,candidata_por_confirmar,113,9e1e4071de345765b4921fef8fe6d0e3b9030744934b807f41db6ddb6c5d1d87,7,6,2026-09-24,2026-09-24,113,113,0,,producao_mes_registada,0,0
cantoneiras,ED8,MTG3,candidata_por_confirmar,117,9e1e4071de345765b4921fef8fe6d0e3b9030744934b807f41db6ddb6c5d1d87,51,45,2026-09-16,2026-09-29,117,117,7,2026-09-29,producao_mes_registada,0,0
cantoneiras,EE2,MTG3,candidata_por_confirmar,2,9e1e4071de345765b4921fef8fe6d0e3b9030744934b807f41db6ddb6c5d1d87,0,0,,,2,2,0,,acumulado_documental_excel,0,0
cantoneiras,EEB,MTG3,candidata_por_confirmar,13,9e1e4071de345765b4921fef8fe6d0e3b9030744934b807f41db6ddb6c5d1d87,8,5,2026-08-26,2026-08-28,13,13,0,,producao_mes_registada,0,0
cantoneiras,EEC,MTG3,candidata_por_confirmar,6,9e1e4071de345765b4921fef8fe6d0e3b9030744934b807f41db6ddb6c5d1d87,0,0,,,6,6,0,,acumulado_documental_excel,0,0
cantoneiras,EG,MTG3,candidata_por_confirmar,267,9e1e4071de345765b4921fef8fe6d0e3b9030744934b807f41db6ddb6c5d1d87,0,0,,,0,267,0,,apenas_planeamento,0,0
cantoneiras,EH,MTG3,candidata_por_confirmar,1,9e1e4071de345765b4921fef8fe6d0e3b9030744934b807f41db6ddb6c5d1d87,0,0,,,1,1,0,,acumulado_documental_excel,0,0
cantoneiras,EH92,MTG3,candidata_por_confirmar,1,9e1e4071de345765b4921fef8fe6d0e3b9030744934b807f41db6ddb6c5d1d87,0,0,,,1,1,0,,acumulado_documental_excel,0,0
cantoneiras,EI12,MTG3,candidata_por_confirmar,2,9e1e4071de345765b4921fef8fe6d0e3b9030744934b807f41db6ddb6c5d1d87,0,0,,,0,0,0,,sem_evidencia_mtg3_nestas_fontes,0,0
cantoneiras,EI16,MTG3,candidata_por_confirmar,1,9e1e4071de345765b4921fef8fe6d0e3b9030744934b807f41db6ddb6c5d1d87,0,0,,,0,0,0,,sem_evidencia_mtg3_nestas_fontes,0,0
cantoneiras,ELA,MTG3,forte_padrao_e_varias_of,308,9e1e4071de345765b4921fef8fe6d0e3b9030744934b807f41db6ddb6c5d1d87,0,0,,,308,308,0,,acumulado_documental_excel,0,0
cantoneiras,ELS,MTG3,forte_padrao_e_uma_of,310,9e1e4071de345765b4921fef8fe6d0e3b9030744934b807f41db6ddb6c5d1d87,0,0,,,310,310,0,,acumulado_documental_excel,0,0
cantoneiras,ELT,MTG3,forte_padrao_e_varias_of,384,9e1e4071de345765b4921fef8fe6d0e3b9030744934b807f41db6ddb6c5d1d87,8,8,2026-08-28,2026-09-28,348,384,0,,producao_mes_registada,0,0
cantoneiras,EP,MTG3,candidata_por_confirmar,2,9e1e4071de345765b4921fef8fe6d0e3b9030744934b807f41db6ddb6c5d1d87,0,0,,,2,2,0,,acumulado_documental_excel,0,0
cantoneiras,EP4,MTG3,candidata_por_confirmar,2,9e1e4071de345765b4921fef8fe6d0e3b9030744934b807f41db6ddb6c5d1d87,0,0,,,2,2,0,,acumulado_documental_excel,0,0
cantoneiras,EPH,MTG3,candidata_por_confirmar,3,9e1e4071de345765b4921fef8fe6d0e3b9030744934b807f41db6ddb6c5d1d87,0,0,,,2,3,0,,acumulado_documental_excel,0,0
cantoneiras,EPH92,MTG3,candidata_por_confirmar,1,9e1e4071de345765b4921fef8fe6d0e3b9030744934b807f41db6ddb6c5d1d87,0,0,,,1,1,0,,acumulado_documental_excel,0,0
cantoneiras,EPJ23,MTG3,candidata_por_confirmar,64,9e1e4071de345765b4921fef8fe6d0e3b9030744934b807f41db6ddb6c5d1d87,0,0,,,0,64,0,,apenas_planeamento,0,0
cantoneiras,ES01,MTG3,candidata_por_confirmar,2,9e1e4071de345765b4921fef8fe6d0e3b9030744934b807f41db6ddb6c5d1d87,0,0,,,0,0,0,,sem_evidencia_mtg3_nestas_fontes,0,0
cantoneiras,ES03,MTG3,candidata_por_confirmar,4,9e1e4071de345765b4921fef8fe6d0e3b9030744934b807f41db6ddb6c5d1d87,0,0,,,4,4,0,,acumulado_documental_excel,0,0
cantoneiras,ES04,MTG3,candidata_por_confirmar,2,9e1e4071de345765b4921fef8fe6d0e3b9030744934b807f41db6ddb6c5d1d87,0,0,,,2,2,0,,acumulado_documental_excel,0,0
cantoneiras,ET40,MTG3,candidata_por_confirmar,2,9e1e4071de345765b4921fef8fe6d0e3b9030744934b807f41db6ddb6c5d1d87,0,0,,,2,2,0,,acumulado_documental_excel,0,0
cantoneiras,ETC,MTG3,candidata_por_confirmar,21,9e1e4071de345765b4921fef8fe6d0e3b9030744934b807f41db6ddb6c5d1d87,0,0,,,21,21,0,,acumulado_documental_excel,0,0
cantoneiras,EXT30,MTG3,candidata_por_confirmar,1,9e1e4071de345765b4921fef8fe6d0e3b9030744934b807f41db6ddb6c5d1d87,0,0,,,0,0,0,,sem_evidencia_mtg3_nestas_fontes,0,0
cantoneiras,EXT31,MTG3,candidata_por_confirmar,4,9e1e4071de345765b4921fef8fe6d0e3b9030744934b807f41db6ddb6c5d1d87,0,0,,,0,0,0,,sem_evidencia_mtg3_nestas_fontes,0,0
cantoneiras,G,MTG3,prefixo_demasiado_generico,231,9e1e4071de345765b4921fef8fe6d0e3b9030744934b807f41db6ddb6c5d1d87,56,55,2026-09-18,2026-09-19,217,231,2,2026-09-21,producao_mes_registada,0,0
cantoneiras,G4,MTG3,forte_padrao_e_varias_of,996,9e1e4071de345765b4921fef8fe6d0e3b9030744934b807f41db6ddb6c5d1d87,13,13,2026-08-26,2026-09-30,878,992,0,,producao_mes_registada,0,0
cantoneiras,G6,MTG3,candidata_por_confirmar,2,9e1e4071de345765b4921fef8fe6d0e3b9030744934b807f41db6ddb6c5d1d87,0,0,,,2,2,0,,acumulado_documental_excel,0,0
cantoneiras,H2,MTG3,forte_padrao_e_varias_of,138,9e1e4071de345765b4921fef8fe6d0e3b9030744934b807f41db6ddb6c5d1d87,0,0,,,138,138,0,,acumulado_documental_excel,0,0
cantoneiras,H92,MTG3,forte_padrao_e_varias_of,1238,9e1e4071de345765b4921fef8fe6d0e3b9030744934b807f41db6ddb6c5d1d87,59,50,2026-08-26,2026-09-23,1225,1225,13,2026-09-26,producao_mes_registada,0,0
cantoneiras,HG,MTG3,candidata_por_confirmar,282,9e1e4071de345765b4921fef8fe6d0e3b9030744934b807f41db6ddb6c5d1d87,0,0,,,269,282,0,,acumulado_documental_excel,0,0
cantoneiras,HG01,MTG3,candidata_por_confirmar,4,9e1e4071de345765b4921fef8fe6d0e3b9030744934b807f41db6ddb6c5d1d87,0,0,,,4,4,0,,acumulado_documental_excel,0,0
cantoneiras,HV,MTG3,candidata_por_confirmar,47,9e1e4071de345765b4921fef8fe6d0e3b9030744934b807f41db6ddb6c5d1d87,43,34,2026-09-16,2026-09-27,47,47,0,,producao_mes_registada,0,0
cantoneiras,IA,MTG3,candidata_por_confirmar,210,9e1e4071de345765b4921fef8fe6d0e3b9030744934b807f41db6ddb6c5d1d87,0,0,,,0,210,0,,apenas_planeamento,0,0
cantoneiras,IR,MTG3,candidata_por_confirmar,43,9e1e4071de345765b4921fef8fe6d0e3b9030744934b807f41db6ddb6c5d1d87,0,0,,,3,43,0,,acumulado_documental_excel,0,0
cantoneiras,IR02,MTG3,candidata_por_confirmar,3,9e1e4071de345765b4921fef8fe6d0e3b9030744934b807f41db6ddb6c5d1d87,0,0,,,3,3,0,,acumulado_documental_excel,0,0
cantoneiras,IS,MTG3,candidata_por_confirmar,43,9e1e4071de345765b4921fef8fe6d0e3b9030744934b807f41db6ddb6c5d1d87,0,0,,,43,43,0,,acumulado_documental_excel,0,0
cantoneiras,IT,MTG3,candidata_por_confirmar,271,9e1e4071de345765b4921fef8fe6d0e3b9030744934b807f41db6ddb6c5d1d87,7,6,2026-09-29,2026-09-30,28,271,0,,producao_mes_registada,0,0
cantoneiras,IT01,MTG3,candidata_por_confirmar,2,9e1e4071de345765b4921fef8fe6d0e3b9030744934b807f41db6ddb6c5d1d87,0,0,,,2,2,0,,acumulado_documental_excel,0,0
cantoneiras,IT03,MTG3,candidata_por_confirmar,3,9e1e4071de345765b4921fef8fe6d0e3b9030744934b807f41db6ddb6c5d1d87,0,0,,,3,3,0,,acumulado_documental_excel,0,0
cantoneiras,J,MTG3,prefixo_demasiado_generico,242,9e1e4071de345765b4921fef8fe6d0e3b9030744934b807f41db6ddb6c5d1d87,0,0,,,211,242,0,,acumulado_documental_excel,0,0
cantoneiras,J2,MTG3,candidata_por_confirmar,2,9e1e4071de345765b4921fef8fe6d0e3b9030744934b807f41db6ddb6c5d1d87,0,0,,,2,2,0,,acumulado_documental_excel,0,0
cantoneiras,JG,MTG3,candidata_por_confirmar,238,9e1e4071de345765b4921fef8fe6d0e3b9030744934b807f41db6ddb6c5d1d87,0,0,,,0,238,0,,apenas_planeamento,0,0
cantoneiras,M,MTG3,prefixo_demasiado_generico,971,9e1e4071de345765b4921fef8fe6d0e3b9030744934b807f41db6ddb6c5d1d87,0,0,,,5,971,0,,acumulado_documental_excel,0,0
cantoneiras,M1,MTG3,confirmada_pelo_utilizador,181,9e1e4071de345765b4921fef8fe6d0e3b9030744934b807f41db6ddb6c5d1d87,0,0,,,181,181,0,,acumulado_documental_excel,0,0
cantoneiras,M2,MTG3,confirmada_pelo_utilizador,395,9e1e4071de345765b4921fef8fe6d0e3b9030744934b807f41db6ddb6c5d1d87,0,0,,,0,395,1,2026-09-30,associacao_indireta_por_confirmar,0,0
cantoneiras,M2011,MTG3,candidata_por_confirmar,1,9e1e4071de345765b4921fef8fe6d0e3b9030744934b807f41db6ddb6c5d1d87,0,0,,,0,0,0,,sem_evidencia_mtg3_nestas_fontes,0,0
cantoneiras,M8,MTG3,candidata_por_confirmar,74,9e1e4071de345765b4921fef8fe6d0e3b9030744934b807f41db6ddb6c5d1d87,0,0,,,74,74,0,,acumulado_documental_excel,0,0
cantoneiras,MDA,MTG3,candidata_por_confirmar,6,9e1e4071de345765b4921fef8fe6d0e3b9030744934b807f41db6ddb6c5d1d87,0,0,,,6,6,0,,acumulado_documental_excel,0,0
cantoneiras,MDA191,MTG3,candidata_por_confirmar,2,9e1e4071de345765b4921fef8fe6d0e3b9030744934b807f41db6ddb6c5d1d87,0,0,,,2,2,0,,acumulado_documental_excel,0,0
cantoneiras,MDA241,MTG3,candidata_por_confirmar,9,9e1e4071de345765b4921fef8fe6d0e3b9030744934b807f41db6ddb6c5d1d87,0,0,,,9,9,0,,acumulado_documental_excel,0,0
cantoneiras,MDA251,MTG3,candidata_por_confirmar,5,9e1e4071de345765b4921fef8fe6d0e3b9030744934b807f41db6ddb6c5d1d87,0,0,,,5,5,0,,acumulado_documental_excel,0,0
cantoneiras,MDA274,MTG3,candidata_por_confirmar,2,9e1e4071de345765b4921fef8fe6d0e3b9030744934b807f41db6ddb6c5d1d87,0,0,,,2,2,0,,acumulado_documental_excel,0,0
cantoneiras,MDB,MTG3,candidata_por_confirmar,1,9e1e4071de345765b4921fef8fe6d0e3b9030744934b807f41db6ddb6c5d1d87,0,0,,,1,1,0,,acumulado_documental_excel,0,0
cantoneiras,MDB270,MTG3,candidata_por_confirmar,1,9e1e4071de345765b4921fef8fe6d0e3b9030744934b807f41db6ddb6c5d1d87,0,0,,,1,1,0,,acumulado_documental_excel,0,0
cantoneiras,MDB274,MTG3,candidata_por_confirmar,10,9e1e4071de345765b4921fef8fe6d0e3b9030744934b807f41db6ddb6c5d1d87,0,0,,,10,10,0,,acumulado_documental_excel,0,0
cantoneiras,MDC,MTG3,candidata_por_confirmar,5,9e1e4071de345765b4921fef8fe6d0e3b9030744934b807f41db6ddb6c5d1d87,0,0,,,5,5,0,,acumulado_documental_excel,0,0
cantoneiras,MDC130,MTG3,candidata_por_confirmar,2,9e1e4071de345765b4921fef8fe6d0e3b9030744934b807f41db6ddb6c5d1d87,0,0,,,2,2,0,,acumulado_documental_excel,0,0
cantoneiras,MDC20,MTG3,candidata_por_confirmar,2,9e1e4071de345765b4921fef8fe6d0e3b9030744934b807f41db6ddb6c5d1d87,0,0,,,2,2,0,,acumulado_documental_excel,0,0
cantoneiras,ME,MTG3,candidata_por_confirmar,58,9e1e4071de345765b4921fef8fe6d0e3b9030744934b807f41db6ddb6c5d1d87,0,0,,,58,58,0,,acumulado_documental_excel,0,0
cantoneiras,MG,MTG3,candidata_por_confirmar,58,9e1e4071de345765b4921fef8fe6d0e3b9030744934b807f41db6ddb6c5d1d87,23,22,2026-09-18,2026-09-19,58,58,0,,producao_mes_registada,0,0
cantoneiras,N,MTG3,prefixo_demasiado_generico,382,9e1e4071de345765b4921fef8fe6d0e3b9030744934b807f41db6ddb6c5d1d87,0,0,,,382,382,0,,acumulado_documental_excel,0,0
cantoneiras,N43,MTG3,forte_padrao_e_uma_of,372,9e1e4071de345765b4921fef8fe6d0e3b9030744934b807f41db6ddb6c5d1d87,0,0,,,372,372,0,,acumulado_documental_excel,0,0
cantoneiras,OA,MTG3,candidata_por_confirmar,1,9e1e4071de345765b4921fef8fe6d0e3b9030744934b807f41db6ddb6c5d1d87,1,1,2026-08-28,2026-08-28,0,0,0,,producao_mes_registada,0,0
cantoneiras,P040,MTG3,candidata_por_confirmar,66,9e1e4071de345765b4921fef8fe6d0e3b9030744934b807f41db6ddb6c5d1d87,0,0,,,66,66,0,,acumulado_documental_excel,0,0
cantoneiras,P4,MTG3,forte_padrao_e_varias_of,724,9e1e4071de345765b4921fef8fe6d0e3b9030744934b807f41db6ddb6c5d1d87,0,0,,,724,724,4,2026-09-21,acumulado_documental_excel,0,0
cantoneiras,PA01,MTG3,candidata_por_confirmar,6,9e1e4071de345765b4921fef8fe6d0e3b9030744934b807f41db6ddb6c5d1d87,0,0,,,6,6,0,,acumulado_documental_excel,0,0
cantoneiras,PA02,MTG3,candidata_por_confirmar,4,9e1e4071de345765b4921fef8fe6d0e3b9030744934b807f41db6ddb6c5d1d87,0,0,,,0,0,0,,sem_evidencia_mtg3_nestas_fontes,0,0
cantoneiras,PA23,MTG3,candidata_por_confirmar,5,9e1e4071de345765b4921fef8fe6d0e3b9030744934b807f41db6ddb6c5d1d87,0,0,,,1,1,1,2026-09-24,acumulado_documental_excel,0,0
cantoneiras,PA3,MTG3,forte_padrao_e_uma_of,17,9e1e4071de345765b4921fef8fe6d0e3b9030744934b807f41db6ddb6c5d1d87,0,0,,,0,0,0,,sem_evidencia_mtg3_nestas_fontes,0,0
cantoneiras,PA31,MTG3,candidata_por_confirmar,1,9e1e4071de345765b4921fef8fe6d0e3b9030744934b807f41db6ddb6c5d1d87,0,0,,,0,0,0,,sem_evidencia_mtg3_nestas_fontes,0,0
cantoneiras,PA54,MTG3,candidata_por_confirmar,2,9e1e4071de345765b4921fef8fe6d0e3b9030744934b807f41db6ddb6c5d1d87,0,0,,,0,0,0,,sem_evidencia_mtg3_nestas_fontes,0,0
cantoneiras,PENAS,MTG3,candidata_por_confirmar,1,9e1e4071de345765b4921fef8fe6d0e3b9030744934b807f41db6ddb6c5d1d87,0,0,,,1,1,0,,acumulado_documental_excel,0,0
cantoneiras,PM20,MTG3,candidata_por_confirmar,1,9e1e4071de345765b4921fef8fe6d0e3b9030744934b807f41db6ddb6c5d1d87,0,0,,,0,0,0,,sem_evidencia_mtg3_nestas_fontes,0,0
cantoneiras,POS,MTG3,candidata_por_confirmar,5,9e1e4071de345765b4921fef8fe6d0e3b9030744934b807f41db6ddb6c5d1d87,0,0,,,0,0,0,,sem_evidencia_mtg3_nestas_fontes,0,0
cantoneiras,PR,MTG3,candidata_por_confirmar,4,9e1e4071de345765b4921fef8fe6d0e3b9030744934b807f41db6ddb6c5d1d87,0,0,,,0,0,0,,sem_evidencia_mtg3_nestas_fontes,0,0
cantoneiras,PTJ,MTG3,candidata_por_confirmar,2,9e1e4071de345765b4921fef8fe6d0e3b9030744934b807f41db6ddb6c5d1d87,0,0,,,1,1,0,,acumulado_documental_excel,0,0
cantoneiras,QA,MTG3,forte_padrao_e_varias_of,364,9e1e4071de345765b4921fef8fe6d0e3b9030744934b807f41db6ddb6c5d1d87,15,15,2026-08-26,2026-09-28,362,363,0,,producao_mes_registada,0,0
cantoneiras,QR,MTG3,forte_padrao_e_varias_of,403,9e1e4071de345765b4921fef8fe6d0e3b9030744934b807f41db6ddb6c5d1d87,0,0,,,375,403,0,,acumulado_documental_excel,0,0
cantoneiras,QS,MTG3,forte_padrao_e_varias_of,296,9e1e4071de345765b4921fef8fe6d0e3b9030744934b807f41db6ddb6c5d1d87,39,30,2026-09-24,2026-09-30,295,296,3,2026-09-25,producao_mes_registada,0,0
cantoneiras,QT,MTG3,forte_padrao_e_varias_of,360,9e1e4071de345765b4921fef8fe6d0e3b9030744934b807f41db6ddb6c5d1d87,59,57,2026-08-28,2026-09-30,359,359,24,2026-09-30,producao_mes_registada,0,0
cantoneiras,QTD,MTG3,candidata_por_confirmar,9,9e1e4071de345765b4921fef8fe6d0e3b9030744934b807f41db6ddb6c5d1d87,0,0,,,9,9,0,,acumulado_documental_excel,0,0
cantoneiras,RD,MTG3,forte_padrao_e_uma_of,49,9e1e4071de345765b4921fef8fe6d0e3b9030744934b807f41db6ddb6c5d1d87,0,0,,,49,49,0,,acumulado_documental_excel,0,0
cantoneiras,S,MTG3,prefixo_demasiado_generico,28,9e1e4071de345765b4921fef8fe6d0e3b9030744934b807f41db6ddb6c5d1d87,1,1,2026-09-24,2026-09-24,28,28,1,2026-09-26,producao_mes_registada,0,0
cantoneiras,S1,MTG3,candidata_por_confirmar,12,9e1e4071de345765b4921fef8fe6d0e3b9030744934b807f41db6ddb6c5d1d87,0,0,,,12,12,0,,acumulado_documental_excel,0,0
cantoneiras,S10,MTG3,candidata_por_confirmar,7,9e1e4071de345765b4921fef8fe6d0e3b9030744934b807f41db6ddb6c5d1d87,0,0,,,7,7,0,,acumulado_documental_excel,0,0
cantoneiras,S2,MTG3,candidata_por_confirmar,154,9e1e4071de345765b4921fef8fe6d0e3b9030744934b807f41db6ddb6c5d1d87,1,1,2026-08-26,2026-08-26,154,154,0,,producao_mes_registada,0,0
cantoneiras,S3,MTG3,candidata_por_confirmar,139,9e1e4071de345765b4921fef8fe6d0e3b9030744934b807f41db6ddb6c5d1d87,0,0,,,139,139,0,,acumulado_documental_excel,0,0
cantoneiras,S4,MTG3,candidata_por_confirmar,11,9e1e4071de345765b4921fef8fe6d0e3b9030744934b807f41db6ddb6c5d1d87,0,0,,,11,11,0,,acumulado_documental_excel,0,0
cantoneiras,S5,MTG3,candidata_por_confirmar,9,9e1e4071de345765b4921fef8fe6d0e3b9030744934b807f41db6ddb6c5d1d87,0,0,,,9,9,0,,acumulado_documental_excel,0,0
cantoneiras,S6,MTG3,candidata_por_confirmar,11,9e1e4071de345765b4921fef8fe6d0e3b9030744934b807f41db6ddb6c5d1d87,0,0,,,11,11,0,,acumulado_documental_excel,0,0
cantoneiras,S7,MTG3,candidata_por_confirmar,9,9e1e4071de345765b4921fef8fe6d0e3b9030744934b807f41db6ddb6c5d1d87,0,0,,,9,9,0,,acumulado_documental_excel,0,0
cantoneiras,S8,MTG3,candidata_por_confirmar,11,9e1e4071de345765b4921fef8fe6d0e3b9030744934b807f41db6ddb6c5d1d87,0,0,,,11,11,0,,acumulado_documental_excel,0,0
cantoneiras,S9,MTG3,candidata_por_confirmar,8,9e1e4071de345765b4921fef8fe6d0e3b9030744934b807f41db6ddb6c5d1d87,0,0,,,8,8,0,,acumulado_documental_excel,0,0
cantoneiras,SD,MTG3,forte_padrao_e_uma_of,53,9e1e4071de345765b4921fef8fe6d0e3b9030744934b807f41db6ddb6c5d1d87,0,0,,,53,53,0,,acumulado_documental_excel,0,0
cantoneiras,SR03,MTG3,candidata_por_confirmar,1,9e1e4071de345765b4921fef8fe6d0e3b9030744934b807f41db6ddb6c5d1d87,0,0,,,0,0,0,,sem_evidencia_mtg3_nestas_fontes,0,0
cantoneiras,T,MTG3,prefixo_demasiado_generico,1063,9e1e4071de345765b4921fef8fe6d0e3b9030744934b807f41db6ddb6c5d1d87,11,11,2026-09-01,2026-09-01,1021,1063,0,,producao_mes_registada,0,0
cantoneiras,T2883,MTG3,candidata_por_confirmar,49,9e1e4071de345765b4921fef8fe6d0e3b9030744934b807f41db6ddb6c5d1d87,0,0,,,49,49,0,,acumulado_documental_excel,0,0
cantoneiras,T336,MTG3,candidata_por_confirmar,1,9e1e4071de345765b4921fef8fe6d0e3b9030744934b807f41db6ddb6c5d1d87,0,0,,,0,1,0,,apenas_planeamento,0,0
cantoneiras,T364,MTG3,candidata_por_confirmar,1,9e1e4071de345765b4921fef8fe6d0e3b9030744934b807f41db6ddb6c5d1d87,0,0,,,1,1,0,,acumulado_documental_excel,0,0
cantoneiras,T40,MTG3,candidata_por_confirmar,1,9e1e4071de345765b4921fef8fe6d0e3b9030744934b807f41db6ddb6c5d1d87,0,0,,,1,1,0,,acumulado_documental_excel,0,0
cantoneiras,T57,MTG3,candidata_por_confirmar,15,9e1e4071de345765b4921fef8fe6d0e3b9030744934b807f41db6ddb6c5d1d87,0,0,,,15,15,0,,acumulado_documental_excel,0,0
cantoneiras,TC104,MTG3,candidata_por_confirmar,4,9e1e4071de345765b4921fef8fe6d0e3b9030744934b807f41db6ddb6c5d1d87,0,0,,,4,4,0,,acumulado_documental_excel,0,0
cantoneiras,TC154,MTG3,candidata_por_confirmar,18,9e1e4071de345765b4921fef8fe6d0e3b9030744934b807f41db6ddb6c5d1d87,0,0,,,18,18,0,,acumulado_documental_excel,0,0
cantoneiras,TC254,MTG3,candidata_por_confirmar,7,9e1e4071de345765b4921fef8fe6d0e3b9030744934b807f41db6ddb6c5d1d87,0,0,,,7,7,0,,acumulado_documental_excel,0,0
cantoneiras,TC354,MTG3,candidata_por_confirmar,1,9e1e4071de345765b4921fef8fe6d0e3b9030744934b807f41db6ddb6c5d1d87,0,0,,,1,1,0,,acumulado_documental_excel,0,0
cantoneiras,TL,MTG3,candidata_por_confirmar,7,9e1e4071de345765b4921fef8fe6d0e3b9030744934b807f41db6ddb6c5d1d87,1,1,2026-09-24,2026-09-24,7,7,3,2026-09-22,producao_mes_registada,0,0
cantoneiras,TTZ,MTG3,candidata_por_confirmar,2,9e1e4071de345765b4921fef8fe6d0e3b9030744934b807f41db6ddb6c5d1d87,0,0,,,2,2,0,,acumulado_documental_excel,0,0
cantoneiras,TUAA,MTG3,candidata_por_confirmar,142,9e1e4071de345765b4921fef8fe6d0e3b9030744934b807f41db6ddb6c5d1d87,0,0,,,0,142,0,,apenas_planeamento,0,0
cantoneiras,TUAB,MTG3,candidata_por_confirmar,92,9e1e4071de345765b4921fef8fe6d0e3b9030744934b807f41db6ddb6c5d1d87,0,0,,,0,92,0,,apenas_planeamento,0,0
cantoneiras,TZ,MTG3,candidata_por_confirmar,25,9e1e4071de345765b4921fef8fe6d0e3b9030744934b807f41db6ddb6c5d1d87,24,22,2026-09-22,2026-09-24,25,25,0,,producao_mes_registada,0,0
cantoneiras,V,MTG3,prefixo_demasiado_generico,95,9e1e4071de345765b4921fef8fe6d0e3b9030744934b807f41db6ddb6c5d1d87,0,0,,,61,95,0,,acumulado_documental_excel,0,0
cantoneiras,VZ,MTG3,candidata_por_confirmar,29,9e1e4071de345765b4921fef8fe6d0e3b9030744934b807f41db6ddb6c5d1d87,32,28,2026-09-22,2026-09-24,28,28,0,,producao_mes_registada,0,0
cantoneiras,W,MTG3,prefixo_demasiado_generico,671,9e1e4071de345765b4921fef8fe6d0e3b9030744934b807f41db6ddb6c5d1d87,7,6,2026-09-23,2026-09-25,646,671,1,2026-09-22,producao_mes_registada,0,0
cantoneiras,W2132,MTG3,candidata_por_confirmar,1,9e1e4071de345765b4921fef8fe6d0e3b9030744934b807f41db6ddb6c5d1d87,0,0,,,1,1,0,,acumulado_documental_excel,0,0
cantoneiras,W2192,MTG3,candidata_por_confirmar,3,9e1e4071de345765b4921fef8fe6d0e3b9030744934b807f41db6ddb6c5d1d87,0,0,,,3,3,0,,acumulado_documental_excel,0,0
cantoneiras,WA,MTG3,forte_padrao_e_varias_of,98,9e1e4071de345765b4921fef8fe6d0e3b9030744934b807f41db6ddb6c5d1d87,0,0,,,98,98,0,,acumulado_documental_excel,0,0
cantoneiras,WZ,MTG3,candidata_por_confirmar,7,9e1e4071de345765b4921fef8fe6d0e3b9030744934b807f41db6ddb6c5d1d87,0,0,,,0,7,0,,apenas_planeamento,0,0
cantoneiras,X,MTG3,prefixo_demasiado_generico,32,9e1e4071de345765b4921fef8fe6d0e3b9030744934b807f41db6ddb6c5d1d87,8,7,2026-09-19,2026-09-21,22,32,10,2026-09-21,producao_mes_registada,0,0
cantoneiras,XS,MTG3,candidata_por_confirmar,126,9e1e4071de345765b4921fef8fe6d0e3b9030744934b807f41db6ddb6c5d1d87,0,0,,,126,126,0,,acumulado_documental_excel,0,0
cantoneiras,XZ,MTG3,candidata_por_confirmar,1136,9e1e4071de345765b4921fef8fe6d0e3b9030744934b807f41db6ddb6c5d1d87,8,8,2026-08-26,2026-08-26,622,1136,0,,producao_mes_registada,0,0
cantoneiras,XZ41,MTG3,candidata_por_confirmar,3,9e1e4071de345765b4921fef8fe6d0e3b9030744934b807f41db6ddb6c5d1d87,0,0,,,3,3,0,,acumulado_documental_excel,0,0
cantoneiras,XZ72,MTG3,candidata_por_confirmar,3,9e1e4071de345765b4921fef8fe6d0e3b9030744934b807f41db6ddb6c5d1d87,0,0,,,3,3,0,,acumulado_documental_excel,0,0
cantoneiras,Z,MTG3,prefixo_demasiado_generico,475,9e1e4071de345765b4921fef8fe6d0e3b9030744934b807f41db6ddb6c5d1d87,48,45,2026-09-01,2026-09-24,360,475,13,2026-09-21,producao_mes_registada,0,0
cantoneiras,Z2893,MTG3,candidata_por_confirmar,63,9e1e4071de345765b4921fef8fe6d0e3b9030744934b807f41db6ddb6c5d1d87,0,0,,,63,63,0,,acumulado_documental_excel,0,0
cantoneiras,Z346,MTG3,candidata_por_confirmar,4,9e1e4071de345765b4921fef8fe6d0e3b9030744934b807f41db6ddb6c5d1d87,0,0,,,4,4,0,,acumulado_documental_excel,0,0
cantoneiras,Z359,MTG3,candidata_por_confirmar,1,9e1e4071de345765b4921fef8fe6d0e3b9030744934b807f41db6ddb6c5d1d87,0,0,,,1,1,0,,acumulado_documental_excel,0,0
cantoneiras,ZA,MTG3,candidata_por_confirmar,416,9e1e4071de345765b4921fef8fe6d0e3b9030744934b807f41db6ddb6c5d1d87,2,2,2026-09-24,2026-09-24,414,416,0,,producao_mes_registada,0,0
cantoneiras,ZD,MTG3,candidata_por_confirmar,464,9e1e4071de345765b4921fef8fe6d0e3b9030744934b807f41db6ddb6c5d1d87,203,192,2026-09-23,2026-09-26,418,464,21,2026-09-26,producao_mes_registada,0,0
cantoneiras,ZE,MTG3,candidata_por_confirmar,641,9e1e4071de345765b4921fef8fe6d0e3b9030744934b807f41db6ddb6c5d1d87,33,32,2026-08-26,2026-08-26,608,608,0,,producao_mes_registada,0,0
cantoneiras,ZF,MTG3,candidata_por_confirmar,130,9e1e4071de345765b4921fef8fe6d0e3b9030744934b807f41db6ddb6c5d1d87,6,6,2026-08-26,2026-09-26,74,128,0,,producao_mes_registada,0,0
cantoneiras,ZG,MTG3,candidata_por_confirmar,550,9e1e4071de345765b4921fef8fe6d0e3b9030744934b807f41db6ddb6c5d1d87,103,98,2026-09-22,2026-09-30,331,550,6,2026-09-29,producao_mes_registada,0,0
