maquina,iso,week,hours,metres,lines,orders,observed_zero
Ficep Rapid 20T -1,2026-W24,2026-06-08,40.09,1804.05,355,13,False
Ficep Rapid 20T -1,2026-W25,2026-06-15,56.114,2317.761,371,5,False
Ficep Rapid 20T -1,2026-W26,2026-06-22,72.126,3228.094,529,10,False
Ficep Rapid 20T -1,2026-W27,2026-06-29,88.695,3991.256,518,19,False
Ficep Rapid 20T -1,2026-W28,2026-07-06,94.236,4240.642,261,12,False
Ficep Rapid 20T -1,2026-W29,2026-07-13,73.662,3314.802,704,8,False
Ficep Rapid 20T -1,2026-W30,2026-07-20,51.903,2335.646,307,9,False
Ficep Rapid 20T -1,2026-W31,2026-07-27,64.582,2906.17,441,18,False
Ficep Rapid 20T -1,2026-W32,2026-08-03,77.331,3486.236,609,11,False
Ficep Rapid 20T -1,2026-W33,2026-08-10,71.275,3228.517,649,13,False
Ficep Rapid 20T -1,2026-W34,2026-08-17,57.686,2601.216,448,9,False
Ficep Rapid 20T -1,2026-W35,2026-08-24,66.879,3009.572,477,11,False
Ficep Rapid 20T -1,2026-W36,2026-08-31,64.157,2887.068,536,12,False
Ficep Rapid 20T -1,2026-W37,2026-09-07,81.429,3664.312,508,8,False
Ficep Rapid 20T -1,2026-W38,2026-09-14,74.613,3357.579,359,15,False
Ficep Rapid 20T -1,2026-W39,2026-09-21,78.958,3553.128,711,14,False
Ficep Rapid 20T -2,2026-W24,2026-06-08,73.89,3325.056,398,4,False
Ficep Rapid 20T -2,2026-W25,2026-06-15,102.083,4593.749,506,9,False
Ficep Rapid 20T -2,2026-W26,2026-06-22,72.254,3241.313,550,12,False
Ficep Rapid 20T -2,2026-W27,2026-06-29,67.055,3017.46,341,14,False
Ficep Rapid 20T -2,2026-W28,2026-07-06,58.5,2632.507,298,9,False
Ficep Rapid 20T -2,2026-W29,2026-07-13,71.667,3239.197,427,5,False
Ficep Rapid 20T -2,2026-W30,2026-07-20,79.51,3577.939,407,8,False
Ficep Rapid 20T -2,2026-W31,2026-07-27,48.52,2183.397,141,5,False
Ficep Rapid 20T -2,2026-W32,2026-08-03,104.318,4864.041,483,6,False
Ficep Rapid 20T -2,2026-W33,2026-08-10,81.505,3667.719,484,4,False
Ficep Rapid 20T -2,2026-W34,2026-08-17,39.437,1787.099,232,5,False
Ficep Rapid 20T -2,2026-W35,2026-08-24,58.844,2647.968,160,8,False
Ficep Rapid 20T -2,2026-W36,2026-08-31,57.942,2607.383,319,8,False
Ficep Rapid 20T -2,2026-W37,2026-09-07,80.277,3671.896,698,13,False
Ficep Rapid 20T -2,2026-W38,2026-09-14,80.423,3619.023,489,9,False
Ficep Rapid 20T -2,2026-W39,2026-09-21,82.292,3703.149,452,6,False
Ficep Rapid 25T,2026-W24,2026-06-08,28.189,1063.222,65,6,False
Ficep Rapid 25T,2026-W25,2026-06-15,86.034,3019.171,160,10,False
Ficep Rapid 25T,2026-W26,2026-06-22,56.729,1985.501,155,8,False
Ficep Rapid 25T,2026-W27,2026-06-29,60.691,2148.396,95,14,False
Ficep Rapid 25T,2026-W28,2026-07-06,69.395,2428.812,112,4,False
Ficep Rapid 25T,2026-W29,2026-07-13,90.235,3158.238,263,9,False
Ficep Rapid 25T,2026-W30,2026-07-20,72.982,2554.364,177,10,False
Ficep Rapid 25T,2026-W31,2026-07-27,55.243,1948.284,182,11,False
Ficep Rapid 25T,2026-W32,2026-08-03,84.683,2963.899,350,7,False
Ficep Rapid 25T,2026-W33,2026-08-10,61.862,2165.172,213,11,False
Ficep Rapid 25T,2026-W34,2026-08-17,80.729,2829.415,307,8,False
Ficep Rapid 25T,2026-W35,2026-08-24,83.363,2835.059,283,7,False
Ficep Rapid 25T,2026-W36,2026-08-31,95.346,3145.061,161,6,False
Ficep Rapid 25T,2026-W37,2026-09-07,71.521,2533.052,218,6,False
Ficep Rapid 25T,2026-W38,2026-09-14,94.832,3385.696,224,8,False
Ficep Rapid 25T,2026-W39,2026-09-21,82.211,2731.645,212,8,False
Ficep XP T4,2026-W24,2026-06-08,84.947,10356.804,64,4,False
Ficep XP T4,2026-W25,2026-06-15,115.882,13905.832,171,4,False
Ficep XP T4,2026-W26,2026-06-22,122.151,14658.161,171,4,False
Ficep XP T4,2026-W27,2026-06-29,107.701,12949.17,128,4,False
Ficep XP T4,2026-W28,2026-07-06,100.14,12016.77,289,5,False
Ficep XP T4,2026-W29,2026-07-13,107.561,12831.739,167,6,False
Ficep XP T4,2026-W30,2026-07-20,82.233,9868.019,164,4,False
Ficep XP T4,2026-W31,2026-07-27,64.745,7693.492,134,6,False
Ficep XP T4,2026-W32,2026-08-03,68.633,8235.953,118,6,False
Ficep XP T4,2026-W33,2026-08-10,86.806,10416.737,195,4,False
Ficep XP T4,2026-W34,2026-08-17,68.013,8179.899,476,6,False
Ficep XP T4,2026-W35,2026-08-24,103.128,12375.414,194,8,False
Ficep XP T4,2026-W36,2026-08-31,79.448,9533.724,443,4,False
Ficep XP T4,2026-W37,2026-09-07,86.647,10398.764,182,4,False
Ficep XP T4,2026-W38,2026-09-14,86.06,10327.16,183,4,False
Ficep XP T4,2026-W39,2026-09-21,78.963,9475.544,208,4,False
Ficep XP T6,2026-W24,2026-06-08,104.072,12506.988,128,10,False
Ficep XP T6,2026-W25,2026-06-15,106.372,12764.634,162,10,False
Ficep XP T6,2026-W26,2026-06-22,95.771,11492.568,222,9,False
Ficep XP T6,2026-W27,2026-06-29,102.94,12352.841,117,11,False
Ficep XP T6,2026-W28,2026-07-06,93.702,11244.184,112,9,False
Ficep XP T6,2026-W29,2026-07-13,91.328,10472.616,92,4,False
Ficep XP T6,2026-W30,2026-07-20,99.866,9743.903,194,13,False
Ficep XP T6,2026-W31,2026-07-27,76.957,8345.38,168,7,False
Ficep XP T6,2026-W32,2026-08-03,97.332,11642.812,224,6,False
Ficep XP T6,2026-W33,2026-08-10,68.937,8272.432,288,6,False
Ficep XP T6,2026-W34,2026-08-17,59.584,7150.052,232,7,False
Ficep XP T6,2026-W35,2026-08-24,75.163,9019.513,90,6,False
Ficep XP T6,2026-W36,2026-08-31,49.92,5990.345,519,9,False
Ficep XP T6,2026-W37,2026-09-07,98.278,11795.24,347,3,False
Ficep XP T6,2026-W38,2026-09-14,68.846,8149.254,289,9,False
Ficep XP T6,2026-W39,2026-09-21,100.909,12086.746,335,9,False
Peddi 6,2026-W24,2026-06-08,14.666,733.32,25,1,False
Peddi 6,2026-W25,2026-06-15,22.672,1205.076,49,2,False
Peddi 6,2026-W26,2026-06-22,15.097,754.838,18,3,False
Peddi 6,2026-W27,2026-06-29,25.199,1259.968,17,2,False
Peddi 6,2026-W28,2026-07-06,16.324,877.114,20,3,False
Peddi 6,2026-W29,2026-07-13,21.433,1071.632,22,2,False
Peddi 6,2026-W30,2026-07-20,24.133,1236.606,31,2,False
Peddi 6,2026-W31,2026-07-27,16.815,840.762,21,2,False
Peddi 6,2026-W32,2026-08-03,15.433,985.82,10,1,False
Peddi 6,2026-W33,2026-08-10,20.969,1048.454,31,2,False
Peddi 6,2026-W34,2026-08-17,0.0,0.0,0,0,True
Peddi 6,2026-W35,2026-08-24,0.0,0.0,0,0,True
Peddi 6,2026-W36,2026-08-31,45.844,2292.182,43,1,False
Peddi 6,2026-W37,2026-09-07,21.896,1099.086,38,2,False
Peddi 6,2026-W38,2026-09-14,25.228,1261.39,55,3,False
Peddi 6,2026-W39,2026-09-21,13.361,668.068,17,1,False
Peddi 8,2026-W24,2026-06-08,77.52,8658.327,223,4,False
Peddi 8,2026-W25,2026-06-15,29.157,2943.91,98,3,False
Peddi 8,2026-W26,2026-06-22,73.769,8322.974,247,17,False
Peddi 8,2026-W27,2026-06-29,35.878,4206.346,114,14,False
Peddi 8,2026-W28,2026-07-06,48.957,5771.729,177,18,False
Peddi 8,2026-W29,2026-07-13,83.742,10049.026,437,9,False
Peddi 8,2026-W30,2026-07-20,82.518,9901.527,400,10,False
Peddi 8,2026-W31,2026-07-27,54.42,6515.249,170,4,False
Peddi 8,2026-W32,2026-08-03,36.87,4323.959,145,5,False
Peddi 8,2026-W33,2026-08-10,68.551,7850.844,190,25,False
Peddi 8,2026-W34,2026-08-17,82.072,9848.598,201,11,False
Peddi 8,2026-W35,2026-08-24,45.611,5473.362,260,10,False
Peddi 8,2026-W36,2026-08-31,57.053,6846.302,155,5,False
Peddi 8,2026-W37,2026-09-07,33.876,4065.072,71,12,False
Peddi 8,2026-W38,2026-09-14,39.381,4728.469,299,8,False
Peddi 8,2026-W39,2026-09-21,48.451,5815.551,307,25,False
