linha_excel,of,referencia,perfil,comprimento_mm,saldo_corte,maquina,horas_historicas_sem_preparacao,qualidade,entrega_cpis,data_corte,material_confirmado
5200,OF264343,CD04J001,12x12,250,41304,Serrote Disco pav 1,463.80037,S235JR,2026-10-30T00:00:00,2026-07-20T00:00:00,False
6364,OF265424,2CI13,IPE330,4280,315,Vanguard,213.99457,,2026-09-04T00:00:00,,False
749,OF256804,ZG-4002,250x250x35,200,52,Vanguard,91.98913,S355J2,2026-08-31T00:00:00,2026-02-02T00:00:00,False
6693,OF265528,2C1,30x8,869,8212,Serrote Doall Pav.1,90.14476,,2026-09-04T00:00:00,2026-08-21T00:00:00,False
6473,OF265456,CD04T520,75x45,236,160,Serrote Disco pav 1,42.10855,S355J2,2026-10-13T00:00:00,2026-09-04T00:00:00,False
6375,OF265424,2CI24,IPE330,4280,46,Vanguard,31.25,,2026-09-04T00:00:00,,False
6366,OF265424,2CI15,IPE330,4280,30,Vanguard,20.38043,,2026-09-04T00:00:00,,False
5569,OF264758,CI5021A4000,114x3.2,2100,840,Serrote MEBA IS381 Pav 3,19.48321,S235JR,2026-10-16T00:00:00,2026-10-02T00:00:00,False
5590,OF264774,CI5421A3004,114x3.2,2300,840,Serrote MEBA IS381 Pav 3,19.48321,S235JR,2026-10-02T00:00:00,2026-09-18T00:00:00,False
6469,OF265456,CD04T003,24,208,500,Serrote Disco pav 1,17.63839,S355J2,2026-10-13T00:00:00,2026-09-04T00:00:00,False
5057,OF264197,CD04T520,75x45,236,64,Serrote Disco pav 1,16.84342,S355J2,2026-08-17T00:00:00,2026-07-14T00:00:00,False
5589,OF264774,CI5421A3004,89x3,2050,840,Serrote MEBA IS381 Pav 3,14.1772,S235JR,2026-10-02T00:00:00,2026-09-18T00:00:00,False
748,OF256804,ZG-4001,250x250x35,4500,8,Vanguard,14.15217,S355J2,2026-08-31T00:00:00,2026-02-02T00:00:00,False
6383,OF265424,2CI32,IPE330,4280,20,Vanguard,13.58696,,2026-09-04T00:00:00,,False
6391,OF265424,2CI40,IPE330,4330,20,Vanguard,13.58696,,2026-09-04T00:00:00,,False
6359,OF265424,2CI8,IPE330,4280,16,Vanguard,10.86957,,2026-09-04T00:00:00,,False
5568,OF264758,CI5021A4000,76x2.6,2750,840,Serrote MEBA IS381 Pav 3,10.48673,S235JR,2026-10-16T00:00:00,2026-10-02T00:00:00,False
5588,OF264774,CI5421A3004,76x2.6,2750,840,Serrote MEBA IS381 Pav 3,10.48673,S235JR,2026-10-02T00:00:00,2026-09-18T00:00:00,False
6683,OF265528,2885,50x50x3,2885,399,Serrote Doall Pav.1,10.29277,,2026-09-04T00:00:00,2026-09-01T00:00:00,False
6361,OF265424,2CI10,IPE330,4280,14,Vanguard,9.51087,,2026-09-04T00:00:00,,False
4319,OF263231,XZ409005,250x250x22,1120,8,Vanguard,9.14435,S355J2,2026-09-11T00:00:00,2026-09-11T00:00:00,False
4320,OF263231,XZ409103,250x250x22,1120,8,Vanguard,9.14435,S355J2,2026-09-11T00:00:00,2026-09-11T00:00:00,False
5565,OF264756,CI5021A4000,114x3.2,1600,368,Serrote MEBA IS381 Pav 3,8.5355,S235JR,2026-10-23T00:00:00,2026-10-09T00:00:00,False
6376,OF265424,2CI25,IPE330,4280,12,Vanguard,8.15217,,2026-09-04T00:00:00,,False
5580,OF264763,CI5121A4030,133x3,400,315,Serrote MEBA IS381 Pav 3,8.0365,S235JR,2026-10-30T00:00:00,2026-10-16T00:00:00,False
6409,OF265424,2CI61,IPE330,4280,11,Vanguard,7.47283,,2026-09-04T00:00:00,,False
6416,OF265424,2CI68,IPE330,4480,11,Vanguard,7.47283,,2026-09-04T00:00:00,,False
6371,OF265424,2CI20,IPE330,4280,11,Vanguard,7.47283,,2026-09-04T00:00:00,,False
6431,OF265424,2CI83,IPE330,4280,11,Vanguard,7.47283,,2026-09-04T00:00:00,,False
5582,OF264763,CI5121A4000,114x3.2,2600,315,Serrote MEBA IS381 Pav 3,7.3062,S235JR,2026-10-30T00:00:00,2026-10-16T00:00:00,False
3820,OF262724,ZF-1901,250x250x35,3285,4,Vanguard,7.07609,S355J2,2026-08-13T00:00:00,2026-08-13T00:00:00,False
3821,OF262724,ZF-2845,250x250x35,4321,4,Vanguard,7.07609,S355J2,2026-08-13T00:00:00,2026-08-13T00:00:00,False
3822,OF262724,ZF-2846,250x250x35,4888,4,Vanguard,7.07609,S355J2,2026-08-13T00:00:00,2026-08-13T00:00:00,False
3844,OF262750,ZF-2223,250x250x35,6086,4,Vanguard,7.07609,S355J2,2026-08-13T00:00:00,2026-08-13T00:00:00,False
6035,OF265157,CA1AO19,20,455,270,Serrote Disco pav 1,6.6144,S235JR,2026-09-25T00:00:00,2026-09-04T00:00:00,False
4086,OF262986,5852UJ01,400x300x6,2900,36,Serrote MEBA IS381 Pav 3,6.18891,S275JR,2026-12-31T00:00:00,2026-05-29T00:00:00,False
3716,OF262610,ZD-2923,250x250x28,5196,4,Vanguard,5.74609,S355J2,2026-08-27T00:00:00,2026-08-27T00:00:00,False
3717,OF262610,ZD-3032,250x250x28,7247,4,Vanguard,5.74609,S355J2,2026-08-27T00:00:00,2026-08-27T00:00:00,False
6468,OF265456,CD04T002,193.7x6,70,20,Serrote Disco pav 1,5.51788,S355J2,2026-10-13T00:00:00,2026-09-04T00:00:00,False
5572,OF264760,CI5021A4000,76x2.6,3250,396,Serrote MEBA IS381 Pav 3,4.94375,S235JR,2026-09-18T00:00:00,2026-09-04T00:00:00,False
6370,OF265424,2CI19,IPE330,4280,7,Vanguard,4.75543,,2026-09-04T00:00:00,,False
6396,OF265424,2CI46,IPE330,4280,7,Vanguard,4.75543,,2026-09-04T00:00:00,,False
6439,OF265424,2CI91,IPE330,4330,7,Vanguard,4.75543,,2026-09-04T00:00:00,,False
6229,OF265357,CA1AO19,20,455,193,Serrote Disco pav 1,4.72807,S235JR,2026-10-09T00:00:00,2026-09-11T00:00:00,False
5564,OF264756,CI5021A4000,76x2.6,2550,368,Serrote MEBA IS381 Pav 3,4.59419,S235JR,2026-10-23T00:00:00,2026-10-09T00:00:00,False
6470,OF265456,CD04T004,24,770,120,Serrote Disco pav 1,4.23321,S355J2,2026-10-13T00:00:00,2026-09-04T00:00:00,False
5890,OF265004,1P3,50x50x3,2884.2,162,Serrote Doall Pav.1,4.17902,,2026-08-07T00:00:00,2026-08-14T00:00:00,False
6392,OF265424,2CI42,IPE330,4280,6,Vanguard,4.07609,,2026-09-04T00:00:00,,False
5581,OF264763,CI5121A4000,76x2.6,3250,315,Serrote MEBA IS381 Pav 3,3.93253,S235JR,2026-10-30T00:00:00,2026-10-16T00:00:00,False
3845,OF262750,ZG-501,250x250x35,5687,2,Vanguard,3.53804,S355J2,2026-08-13T00:00:00,2026-08-13T00:00:00,False
3846,OF262750,ZG-502,250x250x35,5687,2,Vanguard,3.53804,S355J2,2026-08-13T00:00:00,2026-08-13T00:00:00,False
3847,OF262750,ZG-601,250x250x35,4740,2,Vanguard,3.53804,S355J2,2026-08-13T00:00:00,2026-08-13T00:00:00,False
3848,OF262750,ZG-602,250x250x35,4740,2,Vanguard,3.53804,S355J2,2026-08-13T00:00:00,2026-08-13T00:00:00,False
6411,OF265424,2CI63,IPE330,4430,5,Vanguard,3.39674,,2026-09-04T00:00:00,,False
6362,OF265424,2CI11,IPE330,4230,5,Vanguard,3.39674,,2026-09-04T00:00:00,,False
6367,OF265424,2CI16,IPE330,4280,5,Vanguard,3.39674,,2026-09-04T00:00:00,,False
6369,OF265424,2CI18,IPE330,4280,5,Vanguard,3.39674,,2026-09-04T00:00:00,,False
6397,OF265424,2CI47,IPE330,4280,5,Vanguard,3.39674,,2026-09-04T00:00:00,,False
6399,OF265424,2CI51,IPE330,4330,5,Vanguard,3.39674,,2026-09-04T00:00:00,,False
5579,OF264762,CI3422A4005,133x3.6,3400,105,Serrote MEBA IS381 Pav 3,3.19976,S235JR,2026-11-06T00:00:00,2026-10-23T00:00:00,False
3714,OF262610,ZD-2029,250x250x28,5038,2,Vanguard,2.87304,S355J2,2026-08-27T00:00:00,2026-08-27T00:00:00,False
3715,OF262610,ZD-2030,250x250x28,5038,2,Vanguard,2.87304,S355J2,2026-08-27T00:00:00,2026-08-27T00:00:00,False
3842,OF262750,ZG-401,250x250x28,6357,2,Vanguard,2.87304,S355J2,2026-08-13T00:00:00,2026-08-13T00:00:00,False
3843,OF262750,ZG-402,250x250x28,6357,2,Vanguard,2.87304,S355J2,2026-08-13T00:00:00,2026-08-13T00:00:00,False
6474,OF265462,CD04T001,UPN65x42,200,40,Serrote Disco pav 1,2.81659,S355J2,2026-10-13T00:00:00,2026-09-18T00:00:00,False
6471,OF265456,CD04T007,50x50x3.2,460,60,Serrote Disco pav 1,2.80274,S355J2,2026-10-13T00:00:00,2026-09-04T00:00:00,False
68,OF256011,TL465-101,225x6,5930,19,Vanguard,2.78804,S355J2+N,2025-11-14T00:00:00,2025-11-14T00:00:00,False
6476,OF265462,CD04T006,42.4x5,625,60,Serrote Disco pav 1,2.74865,S355J2,2026-10-13T00:00:00,2026-09-18T00:00:00,False
6415,OF265424,2CI67,IPE330,4480,4,Vanguard,2.71739,,2026-09-04T00:00:00,,False
6356,OF265424,2CI5,IPE330,4330,4,Vanguard,2.71739,,2026-09-04T00:00:00,,False
6377,OF265424,2CI26,IPE330,4280,4,Vanguard,2.71739,,2026-09-04T00:00:00,,False
6402,OF265424,2CI54,IPE330,4380,4,Vanguard,2.71739,,2026-09-04T00:00:00,,False
6405,OF265424,2CI57,IPE330,4330,4,Vanguard,2.71739,,2026-09-04T00:00:00,,False
6406,OF265424,2CI58,IPE330,4380,4,Vanguard,2.71739,,2026-09-04T00:00:00,,False
6425,OF265424,2CI77,IPE330,4480,4,Vanguard,2.71739,,2026-09-04T00:00:00,,False
6429,OF265424,2CI81,IPE330,4480,4,Vanguard,2.71739,,2026-09-04T00:00:00,,False
6432,OF265424,2CI84,IPE330,4280,4,Vanguard,2.71739,,2026-09-04T00:00:00,,False
6438,OF265424,2CI90,IPE330,4380,4,Vanguard,2.71739,,2026-09-04T00:00:00,,False
6441,OF265424,2CI93,IPE330,4330,4,Vanguard,2.71739,,2026-09-04T00:00:00,,False
3710,OF262610,ZD-0401,250x250x25,6015,2,Vanguard,2.58152,S355J2,2026-08-27T00:00:00,2026-08-27T00:00:00,False
3711,OF262610,ZD-0402,250x250x25,6015,2,Vanguard,2.58152,S355J2,2026-08-27T00:00:00,2026-08-27T00:00:00,False
3712,OF262610,ZD-0501,250x250x25,4979,2,Vanguard,2.58152,S355J2,2026-08-27T00:00:00,2026-08-27T00:00:00,False
3713,OF262610,ZD-0516,250x250x25,4979,2,Vanguard,2.58152,S355J2,2026-08-27T00:00:00,2026-08-27T00:00:00,False
5571,OF264759,CI5021A4000,114x3.2,2100,108,Serrote MEBA IS381 Pav 3,2.50498,S235JR,2026-09-04T00:00:00,2026-08-21T00:00:00,False
3772,OF262672,24M2501,250x250x24,6000,2,Vanguard,2.48348,S355J2,2026-06-05T00:00:00,2026-06-05T00:00:00,False
3773,OF262672,24M2502,250x250x24,6000,2,Vanguard,2.48348,S355J2,2026-06-05T00:00:00,2026-06-05T00:00:00,False
5561,OF264754,CI5221A4006,114x3.2,1600,105,Serrote MEBA IS381 Pav 3,2.4354,S235JR,2026-11-06T00:00:00,2026-10-23T00:00:00,False
5567,OF264757,CI5221A4006,114x3.2,2100,105,Serrote MEBA IS381 Pav 3,2.4354,S235JR,2026-10-23T00:00:00,2026-10-09T00:00:00,False
6697,OF265538,CI1106A4017,60x3,1387,250,Serrote Fita Thomas IS639 Pav.1,2.42276,S275JR,2026-09-18T00:00:00,2026-09-04T00:00:00,False
5614,OF264852,CS04H001,18,1000,120,Serrote Disco pav 1,2.38118,S355JR,2026-08-21T00:00:00,2026-08-07T00:00:00,False
6173,OF265256,4836V003,114x3.2,2100,100,Serrote MEBA IS381 Pav 3,2.31943,S235JR,2026-09-11T00:00:00,2026-08-28T00:00:00,False
6176,OF265256,4836V004,114x3.2,2300,100,Serrote MEBA IS381 Pav 3,2.31943,S235JR,2026-09-11T00:00:00,2026-08-28T00:00:00,False
3769,OF262672,24M1402,250x250x22,7001,2,Vanguard,2.28609,S355J2,2026-06-05T00:00:00,2026-06-05T00:00:00,False
6472,OF265456,CD04T008,21.3x3.2,20,160,Serrote Disco pav 1,2.27026,S355J2,2026-10-13T00:00:00,2026-09-04T00:00:00,False
5696,OF264911,CD04T520,78x45,236,8,Serrote Disco pav 1,2.18964,S355J2,2026-10-07T00:00:00,2026-09-07T00:00:00,False
6303,OF265412,GGR40-6,400x400x12.5,7620,1,Vanguard,2.10598,S355J2H,2026-10-09T00:00:00,2026-09-09T00:00:00,False
6206,OF265321,CD04T520,75x45,236,8,Serrote Disco pav 1,2.10543,S355J2,2026-09-15T00:00:00,2026-09-01T00:00:00,False
6408,OF265424,2CI60,IPE330,4430,3,Vanguard,2.03804,,2026-09-04T00:00:00,,False
6410,OF265424,2CI62,IPE330,4430,3,Vanguard,2.03804,,2026-09-04T00:00:00,,False
6419,OF265424,2CI71,IPE330,4230,3,Vanguard,2.03804,,2026-09-04T00:00:00,,False
6374,OF265424,2CI23,IPE330,4280,3,Vanguard,2.03804,,2026-09-04T00:00:00,,False
6378,OF265424,2CI27,IPE330,4280,3,Vanguard,2.03804,,2026-09-04T00:00:00,,False
6403,OF265424,2CI55,IPE330,4330,3,Vanguard,2.03804,,2026-09-04T00:00:00,,False
6442,OF265424,2CI94,IPE330,4330,3,Vanguard,2.03804,,2026-09-04T00:00:00,,False
6124,OF265215,PA1A21A4001,12,200,216,Serrote Disco pav 1,1.90495,S235JR,2026-10-09T00:00:00,2026-09-11T00:00:00,False
5578,OF264762,CI3422A4005,89x3.2,2850,105,Serrote MEBA IS381 Pav 3,1.8859,S235JR,2026-11-06T00:00:00,2026-10-23T00:00:00,False
5256,OF264438,D444S004,193.7x3.2,550,12,Serrote Disco pav 1,1.79206,S275JR,2026-08-28T00:00:00,2026-08-29T00:00:00,False
6467,OF265453,6481V001,89x3,3249,40,Serrote Fita Thomas IS639 Pav.1,1.75459,S235JR,2026-09-04T00:00:00,2026-08-28T00:00:00,False
6242,OF265358,CI7712A4002,60.3x2.9,126,150,Serrote MEBA IS381 Pav 3,1.6334,S235JR,2026-09-11T00:00:00,2026-08-28T00:00:00,False
6175,OF265256,4836V004,88.9x2.9,2050,100,Serrote MEBA IS381 Pav 3,1.6315,S235JR,2026-09-11T00:00:00,2026-08-28T00:00:00,False
5946,OF265008,PA3SV2,48.3x3,1411,180,Serrote MEBA IS381 Pav 3,1.60023,S355J0H,2026-09-18T00:00:00,2026-08-15T00:00:00,False
5949,OF265008,PA3SV6,48.3x3,1336,180,Serrote MEBA IS381 Pav 3,1.60023,S355J0H,2026-09-18T00:00:00,2026-08-15T00:00:00,False
5947,OF265008,PA3SV3,60.3x3,1885,135,Serrote MEBA IS381 Pav 3,1.5181,S355J0H,2026-09-18T00:00:00,2026-08-15T00:00:00,False
3194,OF262076,6273U850,75x45,236,8,Serrote Fita Thomas IS639 Pav.1,1.4612,S355J2,2026-05-08T00:00:00,2026-04-20T00:00:00,False
3195,OF262076,6273U850,75x45,236,8,Serrote Fita Thomas IS639 Pav.1,1.4612,S355J2,2026-05-08T00:00:00,2026-04-24T00:00:00,False
6058,OF265171,PA31M20,76.1x3,1827,27,Serrote Disco pav 1,1.45054,S355J0H,2026-10-09T00:00:00,2026-09-04T00:00:00,False
6709,OF265543,9271U005,200x5,100,6,Serrote Disco pav 1,1.43312,S275JR,2026-10-02T00:00:00,2026-09-18T00:00:00,False
6172,OF265256,4836V003,76x3,3250,100,Serrote MEBA IS381 Pav 3,1.43264,S235JR,2026-09-11T00:00:00,2026-08-28T00:00:00,False
6174,OF265256,4836V004,76x3,2750,100,Serrote MEBA IS381 Pav 3,1.43264,S235JR,2026-09-11T00:00:00,2026-08-28T00:00:00,False
6135,OF265223,CI7018A4001,133x3,2400,55,Serrote MEBA IS381 Pav 3,1.4032,S355J2,2026-10-02T00:00:00,2026-09-18T00:00:00,False
6407,OF265424,2CI59,IPE330,4430,2,Vanguard,1.3587,,2026-09-04T00:00:00,,False
6412,OF265424,2CI64,IPE330,4480,2,Vanguard,1.3587,,2026-09-04T00:00:00,,False
6414,OF265424,2CI66,IPE330,4480,2,Vanguard,1.3587,,2026-09-04T00:00:00,,False
6417,OF265424,2CI69,IPE330,4480,2,Vanguard,1.3587,,2026-09-04T00:00:00,,False
6418,OF265424,2CI70,IPE330,4480,2,Vanguard,1.3587,,2026-09-04T00:00:00,,False
6420,OF265424,2CI72,IPE330,4230,2,Vanguard,1.3587,,2026-09-04T00:00:00,,False
6421,OF265424,2CI73,IPE330,4230,2,Vanguard,1.3587,,2026-09-04T00:00:00,,False
6363,OF265424,2CI12,IPE330,4230,2,Vanguard,1.3587,,2026-09-04T00:00:00,,False
6368,OF265424,2CI17,IPE330,4280,2,Vanguard,1.3587,,2026-09-04T00:00:00,,False
6390,OF265424,2CI39,IPE330,4330,2,Vanguard,1.3587,,2026-09-04T00:00:00,,False
6394,OF265424,2CI44,IPE330,4330,2,Vanguard,1.3587,,2026-09-04T00:00:00,,False
6395,OF265424,2CI45,IPE330,4280,2,Vanguard,1.3587,,2026-09-04T00:00:00,,False
6400,OF265424,2CI52,IPE330,4330,2,Vanguard,1.3587,,2026-09-04T00:00:00,,False
6436,OF265424,2CI88,IPE330,4280,2,Vanguard,1.3587,,2026-09-04T00:00:00,,False
6681,OF265528,2876,50x50x3,2876,51,Serrote Doall Pav.1,1.31562,,2026-09-04T00:00:00,2026-09-01T00:00:00,False
5577,OF264762,CI3422A4005,76x2.6,3050,105,Serrote MEBA IS381 Pav 3,1.31084,S235JR,2026-11-06T00:00:00,2026-10-23T00:00:00,False
6706,OF265543,9271U003,40x40x5,1081,24,Serrote Disco pav 1,1.31004,S275JR,2026-10-02T00:00:00,2026-09-18T00:00:00,False
6552,OF265525,CC0111A4618,60x2.9,110,46,Serrote Fita Thomas IS639 Pav.1,1.29505,S235JR,2026-09-11T00:00:00,2026-08-28T00:00:00,False
6694,OF265529,CI7712A4034,60.3x2.9,1152,45,Serrote Fita Thomas IS639 Pav.1,1.27355,S235JR,2026-09-11T00:00:00,2026-09-28T00:00:00,False
5563,OF264755,CI5221A4006,114x3.2,1600,53,Serrote MEBA IS381 Pav 3,1.2293,S235JR,2026-11-06T00:00:00,2026-10-23T00:00:00,False
5576,OF264761,CI5621A3005,114x3.2,2300,53,Serrote MEBA IS381 Pav 3,1.2293,S235JR,2026-11-06T00:00:00,2026-10-23T00:00:00,False
6050,OF265171,PA31M43,48.3x3,1412,36,Serrote Disco pav 1,1.19853,S355J0H,2026-10-09T00:00:00,2026-09-04T00:00:00,False
6051,OF265171,PA31M44,48.3x3,1339,36,Serrote Disco pav 1,1.19853,S355J0H,2026-10-09T00:00:00,2026-09-04T00:00:00,False
6234,OF265358,3567V001,114.3x3.2,2000,50,Serrote MEBA IS381 Pav 3,1.16286,S235JR,2026-09-11T00:00:00,2026-08-28T00:00:00,False
6236,OF265358,7312U001,114.3x3.2,2000,50,Serrote MEBA IS381 Pav 3,1.16286,S235JR,2026-09-11T00:00:00,2026-08-28T00:00:00,False
6238,OF265358,3567V002,114.3x3.2,2000,50,Serrote MEBA IS381 Pav 3,1.16286,S235JR,2026-09-11T00:00:00,2026-08-28T00:00:00,False
6485,OF265479,CA1012A4003,16x16,40,58,Serrote Disco pav 1,1.15783,S275JR,2026-09-18T00:00:00,2026-08-28T00:00:00,False
3770,OF262672,24M1403,250x250x22,7001,1,Vanguard,1.14304,S355J2,2026-06-05T00:00:00,2026-06-05T00:00:00,False
6056,OF265171,PA31M18,60.3x3,1886,27,Serrote Disco pav 1,1.13701,S355J0H,2026-10-09T00:00:00,2026-09-04T00:00:00,False
6553,OF265525,CI1106A4015,60x3,884,116,Serrote Fita Thomas IS639 Pav.1,1.12416,S275JR,2026-09-11T00:00:00,2026-08-28T00:00:00,False
5727,OF264955,4192O00,244.5x6.3,75,3,Serrote Disco pav 1,1.10288,S355J0H,2026-09-18T00:00:00,2026-08-21T00:00:00,False
6134,OF265223,CI7018A4001,101x3,2650,55,Serrote MEBA IS381 Pav 3,1.0578,S355J2,2026-10-02T00:00:00,2026-09-18T00:00:00,False
6321,OF265420,CA1AO19,20,455,42,Serrote Disco pav 1,1.02891,S235JR,2026-10-09T00:00:00,2026-09-11T00:00:00,False
5560,OF264754,CI5221A4006,60x2.6,2050,105,Serrote MEBA IS381 Pav 3,1.0251,S235JR,2026-11-06T00:00:00,2026-10-23T00:00:00,False
5566,OF264757,CI5221A4006,60x2.6,2750,105,Serrote MEBA IS381 Pav 3,1.0251,S235JR,2026-10-23T00:00:00,2026-10-09T00:00:00,False
6202,OF265321,CD04T003,24,208,29,Serrote Disco pav 1,1.02303,S355J2,2026-09-15T00:00:00,2026-09-01T00:00:00,False
5930,OF265004,1P77,50x50x3,2884.2,39,Serrote Doall Pav.1,1.00606,,2026-08-07T00:00:00,2026-08-14T00:00:00,False
6118,OF265213,CS0412A4001,18,1000,48,Serrote Disco pav 1,0.95247,S355JR,2026-08-21T00:00:00,2026-08-14T00:00:00,False
5776,OF264981,CI1106A4008,60.3x2.9,1163,100,Serrote Fita Thomas IS639 Pav.1,0.94337,S235JR,2026-08-21T00:00:00,2026-08-14T00:00:00,False
6139,OF265229,5492V003,60.3x2.9,1197,23,Serrote Disco pav 1,0.93792,S235JR,2026-09-01T00:00:00,2026-08-28T00:00:00,False
6675,OF265528,2847,50x50x3,2847,36,Serrote Doall Pav.1,0.92867,,2026-09-04T00:00:00,2026-09-01T00:00:00,False
6550,OF265525,CI7812A4011,76.1x3.25,3277,23,Serrote Fita Thomas IS639 Pav.1,0.92584,S235JR,2026-09-11T00:00:00,2026-08-28T00:00:00,False
317,OF256244,D444S004,193.7x3.2,550,23,Serrote MEBA IS381 Pav 3,0.9172,S275JR,2026-09-21T00:00:00,2025-12-01T00:00:00,False
6715,OF265549,6133V016,30x30x3,1180,36,Serrote Disco pav 1,0.90954,S275JR,2026-10-02T00:00:00,2026-09-18T00:00:00,False
6237,OF265358,3567V002,88.9x3.2,4910,50,Serrote MEBA IS381 Pav 3,0.897,S235JR,2026-09-11T00:00:00,2026-08-28T00:00:00,False
5575,OF264761,CI5621A3005,89x3,2050,53,Serrote MEBA IS381 Pav 3,0.89451,S235JR,2026-11-06T00:00:00,2026-10-23T00:00:00,False
5388,OF264576,5564V002,108x3,1700,42,Serrote MEBA IS381 Pav 3,0.86547,S355JR,2026-09-11T00:00:00,2026-08-28T00:00:00,False
5959,OF265008,PA3SV19,48.3x3,1564,90,Serrote MEBA IS381 Pav 3,0.80012,S355J0H,2026-09-18T00:00:00,2026-08-15T00:00:00,False
5880,OF265004,1P14,50x50x3,2871.1,30,Serrote Doall Pav.1,0.77389,,2026-08-07T00:00:00,2026-08-14T00:00:00,False
6662,OF265528,2786,50x50x3,2786,30,Serrote Doall Pav.1,0.77389,,2026-09-04T00:00:00,2026-09-01T00:00:00,False
6233,OF265358,3567V001,76x3.2,2910,50,Serrote MEBA IS381 Pav 3,0.76198,S235JR,2026-09-11T00:00:00,2026-08-28T00:00:00,False
5958,OF265008,PA3SV18,88.9x3,2229,45,Serrote MEBA IS381 Pav 3,0.75861,S355J0H,2026-09-18T00:00:00,2026-08-15T00:00:00,False
5960,OF265008,PA3SV20,88.9x3,2293,45,Serrote MEBA IS381 Pav 3,0.75861,S355J0H,2026-09-18T00:00:00,2026-08-15T00:00:00,False
5962,OF265008,PA3SV23,88.9x3,2379,45,Serrote MEBA IS381 Pav 3,0.75861,S355J0H,2026-09-18T00:00:00,2026-08-15T00:00:00,False
5964,OF265008,PA3SV25,88.9x3,2409,45,Serrote MEBA IS381 Pav 3,0.75861,S355J0H,2026-09-18T00:00:00,2026-08-15T00:00:00,False
5966,OF265008,PA3SV27,88.9x3,2474,45,Serrote MEBA IS381 Pav 3,0.75861,S355J0H,2026-09-18T00:00:00,2026-08-15T00:00:00,False
6734,OF265567,CR1012A4011,M16,89,48,Serrote Disco pav 1,0.75257,S275JR,2026-10-02T00:00:00,2026-09-18T00:00:00,False
6187,OF265278,CI2105A4013,60x2.9,1385,80,Serrote Fita Thomas IS639 Pav.1,0.75075,S235JR,2026-09-05T00:00:00,2026-08-21T00:00:00,False
6152,OF265247,DLS125,IPE180,298,4,Serrote Disco pav 1,0.74548,S355JR,2026-11-06T00:00:00,2026-10-23T00:00:00,False
6235,OF265358,7312U001,76.1x3,3910,50,Serrote MEBA IS381 Pav 3,0.7173,S275J0,2026-09-11T00:00:00,2026-08-28T00:00:00,False
6241,OF265358,3567V003,114.3x3.2,2010,30,Serrote MEBA IS381 Pav 3,0.69771,S235JR,2026-09-11T00:00:00,2026-08-28T00:00:00,False
5882,OF265004,1P18,50x50x3,2863.1,27,Serrote Doall Pav.1,0.6965,,2026-08-07T00:00:00,2026-08-14T00:00:00,False
5893,OF265004,1P33,50x50x3,1314.1,27,Serrote Doall Pav.1,0.6965,,2026-08-07T00:00:00,2026-08-14T00:00:00,False
5931,OF265004,1P78,50x50x3,2878.2,27,Serrote Doall Pav.1,0.6965,,2026-08-07T00:00:00,2026-08-14T00:00:00,False
6673,OF265528,2843,50x50x3,2843,27,Serrote Doall Pav.1,0.6965,,2026-09-04T00:00:00,2026-09-01T00:00:00,False
6676,OF265528,2852,50x50x3,2852,27,Serrote Doall Pav.1,0.6965,,2026-09-04T00:00:00,2026-09-01T00:00:00,False
6133,OF265223,CI7018A4001,76x2.6,3050,55,Serrote MEBA IS381 Pav 3,0.68663,S355J2,2026-10-02T00:00:00,2026-09-18T00:00:00,False
6413,OF265424,2CI65,IPE330,4480,1,Vanguard,0.67935,,2026-09-04T00:00:00,,False
6422,OF265424,2CI74,IPE330,4280,1,Vanguard,0.67935,,2026-09-04T00:00:00,,False
6352,OF265424,2CI1,IPE330,4230,1,Vanguard,0.67935,,2026-09-04T00:00:00,,False
6357,OF265424,2CI6,IPE330,4330,1,Vanguard,0.67935,,2026-09-04T00:00:00,,False
6358,OF265424,2CI7,IPE330,4330,1,Vanguard,0.67935,,2026-09-04T00:00:00,,False
6360,OF265424,2CI9,IPE330,4280,1,Vanguard,0.67935,,2026-09-04T00:00:00,,False
6365,OF265424,2CI14,IPE330,4330,1,Vanguard,0.67935,,2026-09-04T00:00:00,,False
6372,OF265424,2CI21,IPE330,4280,1,Vanguard,0.67935,,2026-09-04T00:00:00,,False
6373,OF265424,2CI22,IPE330,4280,1,Vanguard,0.67935,,2026-09-04T00:00:00,,False
6379,OF265424,2CI28,IPE330,4530,1,Vanguard,0.67935,,2026-09-04T00:00:00,,False
6380,OF265424,2CI29,IPE330,4530,1,Vanguard,0.67935,,2026-09-04T00:00:00,,False
6381,OF265424,2CI30,IPE330,4630,1,Vanguard,0.67935,,2026-09-04T00:00:00,,False
6382,OF265424,2CI31,IPE330,4680,1,Vanguard,0.67935,,2026-09-04T00:00:00,,False
6384,OF265424,2CI33,IPE330,4780,1,Vanguard,0.67935,,2026-09-04T00:00:00,,False
6385,OF265424,2CI34,IPE330,4530,1,Vanguard,0.67935,,2026-09-04T00:00:00,,False
6386,OF265424,2CI35,IPE330,4480,1,Vanguard,0.67935,,2026-09-04T00:00:00,,False
6387,OF265424,2CI36,IPE330,4430,1,Vanguard,0.67935,,2026-09-04T00:00:00,,False
6389,OF265424,2CI38,IPE330,4380,1,Vanguard,0.67935,,2026-09-04T00:00:00,,False
6401,OF265424,2CI53,IPE330,4330,1,Vanguard,0.67935,,2026-09-04T00:00:00,,False
6404,OF265424,2CI56,IPE330,4280,1,Vanguard,0.67935,,2026-09-04T00:00:00,,False
6423,OF265424,2CI75,IPE330,4280,1,Vanguard,0.67935,,2026-09-04T00:00:00,,False
6424,OF265424,2CI76,IPE330,4330,1,Vanguard,0.67935,,2026-09-04T00:00:00,,False
6426,OF265424,2CI78,IPE330,4380,1,Vanguard,0.67935,,2026-09-04T00:00:00,,False
6427,OF265424,2CI79,IPE330,4480,1,Vanguard,0.67935,,2026-09-04T00:00:00,,False
6428,OF265424,2CI80,IPE330,4480,1,Vanguard,0.67935,,2026-09-04T00:00:00,,False
6430,OF265424,2CI82,IPE330,4230,1,Vanguard,0.67935,,2026-09-04T00:00:00,,False
6433,OF265424,2CI85,IPE330,4630,1,Vanguard,0.67935,,2026-09-04T00:00:00,,False
6434,OF265424,2CI86,IPE330,4630,1,Vanguard,0.67935,,2026-09-04T00:00:00,,False
6435,OF265424,2CI87,IPE330,4680,1,Vanguard,0.67935,,2026-09-04T00:00:00,,False
6437,OF265424,2CI89,IPE330,4280,1,Vanguard,0.67935,,2026-09-04T00:00:00,,False
6440,OF265424,2CI92,IPE330,4380,1,Vanguard,0.67935,,2026-09-04T00:00:00,,False
6443,OF265424,2CI95,IPE330,4330,1,Vanguard,0.67935,,2026-09-04T00:00:00,,False
6444,OF265424,2CI96,IPE330,4230,1,Vanguard,0.67935,,2026-09-04T00:00:00,,False
6445,OF265424,2CI97,IPE330,4280,1,Vanguard,0.67935,,2026-09-04T00:00:00,,False
6446,OF265424,2CI98,IPE330,4580,1,Vanguard,0.67935,,2026-09-04T00:00:00,,False
6447,OF265424,2CI99,IPE330,4580,1,Vanguard,0.67935,,2026-09-04T00:00:00,,False
6448,OF265424,2CI100,IPE330,4330,1,Vanguard,0.67935,,2026-09-04T00:00:00,,False
6449,OF265424,2CI102,IPE330,4330,1,Vanguard,0.67935,,2026-09-04T00:00:00,,False
6450,OF265424,2CI103,IPE330,4330,1,Vanguard,0.67935,,2026-09-04T00:00:00,,False
6294,OF265411,CI1920A4009,63x3,1700,22,Serrote Fita Thomas IS639 Pav.1,0.67327,S275JR,2026-09-02T00:00:00,2026-08-25T00:00:00,False
5951,OF265008,PA3SV9,76.1x3,1767,45,Serrote MEBA IS381 Pav 3,0.64557,S355J0H,2026-09-18T00:00:00,2026-08-15T00:00:00,False
5953,OF265008,PA3SV11,76.1x3,2088,45,Serrote MEBA IS381 Pav 3,0.64557,S355J0H,2026-09-18T00:00:00,2026-08-15T00:00:00,False
5955,OF265008,PA3SV13,76.1x3,2148,45,Serrote MEBA IS381 Pav 3,0.64557,S355J0H,2026-09-18T00:00:00,2026-08-15T00:00:00,False
6162,OF265253,CR0813A4007,16,80,40,Serrote Disco pav 1,0.62714,S355JR,2026-10-09T00:00:00,2026-09-09T00:00:00,False
5618,OF264860,CI7712A4002,60.3x2.9,520,57,Serrote MEBA IS381 Pav 3,0.62069,S235JR,2026-11-13T00:00:00,2026-07-31T00:00:00,False
5892,OF265004,1P32,50x50x3,1545.1,24,Serrote Doall Pav.1,0.61911,,2026-08-07T00:00:00,2026-08-14T00:00:00,False
6615,OF265528,2193,50x50x3,2193,24,Serrote Doall Pav.1,0.61911,,2026-09-04T00:00:00,2026-09-01T00:00:00,False
6712,OF265549,4716S020,20,410,25,Serrote Disco pav 1,0.61244,S275JR,2026-10-02T00:00:00,2026-09-18T00:00:00,False
6695,OF265529,CI7712A4118,60x3,1500,20,Serrote Fita Thomas IS639 Pav.1,0.58146,S235JR,2026-09-11T00:00:00,2026-09-28T00:00:00,False
71,OF256011,TL322-212,UPN280x95,3150,1,Vanguard,0.57935,S355J2,2025-11-14T00:00:00,2025-11-14T00:00:00,False
73,OF256011,TL323-212,UPN280x95,3150,1,Vanguard,0.57935,S355J2,2025-11-14T00:00:00,2025-11-14T00:00:00,False
6477,OF265462,CD04T008,21.3x3.2,20,40,Serrote Disco pav 1,0.56756,S355J2,2026-10-13T00:00:00,2026-09-18T00:00:00,False
6044,OF265157,CA4317A4012,UPN65x42,600,8,Serrote Disco pav 1,0.56332,S275JR,2026-09-25T00:00:00,2026-09-04T00:00:00,False
6188,OF265278,CI2105A4010,60x2.9,904,60,Serrote Fita Thomas IS639 Pav.1,0.56307,S235JR,2026-09-05T00:00:00,2026-08-21T00:00:00,False
5887,OF265004,1P25,50x50x3,2854.2,21,Serrote Doall Pav.1,0.54172,,2026-08-07T00:00:00,2026-08-14T00:00:00,False
5896,OF265004,1P38,50x50x3,2874.1,21,Serrote Doall Pav.1,0.54172,,2026-08-07T00:00:00,2026-08-14T00:00:00,False
6671,OF265528,2833,50x50x3,2833,21,Serrote Doall Pav.1,0.54172,,2026-09-04T00:00:00,2026-09-01T00:00:00,False
6680,OF265528,2871,50x50x3,2871,21,Serrote Doall Pav.1,0.54172,,2026-09-04T00:00:00,2026-09-01T00:00:00,False
6240,OF265358,3567V003,88.9x3.2,2010,30,Serrote MEBA IS381 Pav 3,0.5382,S235JR,2026-09-11T00:00:00,2026-08-28T00:00:00,False
6264,OF265367,CI7912A4002,88.9x3.2,750,8,Serrote Disco pav 1,0.53746,S235JR,2026-09-04T00:00:00,2026-08-21T00:00:00,False
5639,OF264886,SBUM27X9539,27,929,12,Serrote Disco pav 1,0.53577,S355J2+N,2026-09-18T00:00:00,2026-08-02T00:00:00,False
6475,OF265462,CD04T005,12,284,60,Serrote Disco pav 1,0.52915,S355J2,2026-10-13T00:00:00,2026-09-18T00:00:00,False
5562,OF264755,CI5221A4006,60x2.6,2550,53,Serrote MEBA IS381 Pav 3,0.51743,S235JR,2026-11-06T00:00:00,2026-10-23T00:00:00,False
5574,OF264761,CI5621A3005,60x2.6,2750,53,Serrote MEBA IS381 Pav 3,0.51743,S235JR,2026-11-06T00:00:00,2026-10-23T00:00:00,False
6222,OF265357,CA6319A4129,76.1x3.2,4000,9,Serrote Disco pav 1,0.51434,S235JR,2026-10-09T00:00:00,2026-09-11T00:00:00,False
5948,OF265008,PA3SV5,60.3x3,1928,45,Serrote MEBA IS381 Pav 3,0.50603,S355J0H,2026-09-18T00:00:00,2026-08-15T00:00:00,False
5968,OF265008,PA3SV30,88.9x3,2511,30,Serrote MEBA IS381 Pav 3,0.50574,S355J0H,2026-09-18T00:00:00,2026-08-15T00:00:00,False
5970,OF265008,PA3SV32,88.9x3,2602,30,Serrote MEBA IS381 Pav 3,0.50574,S355J0H,2026-09-18T00:00:00,2026-08-15T00:00:00,False
5972,OF265008,PA3SV34,88.9x3,2668,30,Serrote MEBA IS381 Pav 3,0.50574,S355J0H,2026-09-18T00:00:00,2026-08-15T00:00:00,False
5950,OF265008,PA3SV7,76.1x3,1827,35,Serrote MEBA IS381 Pav 3,0.50211,S355J0H,2026-09-18T00:00:00,2026-08-15T00:00:00,False
6293,OF265411,CI1920A4005,63x3,880,16,Serrote Fita Thomas IS639 Pav.1,0.48965,S275JR,2026-09-02T00:00:00,2026-08-25T00:00:00,False
6059,OF265171,PA31M21,76.1x3,1767,9,Serrote Disco pav 1,0.48351,S355J0H,2026-10-09T00:00:00,2026-09-04T00:00:00,False
4924,OF264121,CI5619S4530,122x3,400,20,Serrote MEBA IS381 Pav 3,0.46708,S275JR,2026-07-24T00:00:00,2026-07-10T00:00:00,False
6672,OF265528,2838,50x50x3,2838,18,Serrote Doall Pav.1,0.46434,,2026-09-04T00:00:00,2026-09-01T00:00:00,False
6551,OF265525,CI7812A4034,76.1x3.25,2330,11,Serrote Fita Thomas IS639 Pav.1,0.44279,S235JR,2026-09-11T00:00:00,2026-08-28T00:00:00,False
6028,OF265132,PA31M1043,193.7x6,385,6,Serrote MEBA IS381 Pav 3,0.44204,S355J0H,2026-10-09T00:00:00,2026-09-04T00:00:00,False
5944,OF265007,CR1213A4051,40x40x5,933,8,Serrote Disco pav 1,0.43668,S275JR,2026-09-11T00:00:00,2026-08-28T00:00:00,False
6138,OF265225,CI6518A4001,114x3,2400,20,Serrote MEBA IS381 Pav 3,0.43568,S275JR,2026-10-02T00:00:00,2026-09-18T00:00:00,False
6738,OF265580,CI7716A4005,60.3x4,1902,11,Serrote Fita Thomas IS639 Pav.1,0.42117,S355JR,2026-09-11T00:00:00,2026-08-28T00:00:00,False
5387,OF264576,5564V001,60x2.6,1250,42,Serrote MEBA IS381 Pav 3,0.41004,S355J2,2026-09-11T00:00:00,2026-08-28T00:00:00,False
5952,OF265008,PA3SV10,48.3x3,1271,45,Serrote MEBA IS381 Pav 3,0.40006,S355J0H,2026-09-18T00:00:00,2026-08-15T00:00:00,False
5954,OF265008,PA3SV12,48.3x3,1367,45,Serrote MEBA IS381 Pav 3,0.40006,S355J0H,2026-09-18T00:00:00,2026-08-15T00:00:00,False
5956,OF265008,PA3SV14,48.3x3,1442,45,Serrote MEBA IS381 Pav 3,0.40006,S355J0H,2026-09-18T00:00:00,2026-08-15T00:00:00,False
5957,OF265008,PA3SV17,48.3x3,1489,45,Serrote MEBA IS381 Pav 3,0.40006,S355J0H,2026-09-18T00:00:00,2026-08-15T00:00:00,False
5961,OF265008,PA3SV21,48.3x3,1642,45,Serrote MEBA IS381 Pav 3,0.40006,S355J0H,2026-09-18T00:00:00,2026-08-15T00:00:00,False
5963,OF265008,PA3SV24,48.3x3,1710,45,Serrote MEBA IS381 Pav 3,0.40006,S355J0H,2026-09-18T00:00:00,2026-08-15T00:00:00,False
5965,OF265008,PA3SV26,48.3x3,1788,45,Serrote MEBA IS381 Pav 3,0.40006,S355J0H,2026-09-18T00:00:00,2026-08-15T00:00:00,False
5967,OF265008,PA3SV28,48.3x3,1865,45,Serrote MEBA IS381 Pav 3,0.40006,S355J0H,2026-09-18T00:00:00,2026-08-15T00:00:00,False
5492,OF264708,CI7712A4002,60.3x2.9,125,14,Serrote Fita Thomas IS639 Pav.1,0.39622,S235JR,2026-08-21T00:00:00,2026-08-07T00:00:00,False
5985,OF265010,CR1012A4004,20,1200,16,Serrote Disco pav 1,0.39196,S355JR,2026-08-21T00:00:00,2026-08-07T00:00:00,False
6178,OF265259,5504T602,25x25,1460,8,Serrote Disco pav 1,0.38989,S355J2,,2026-08-21T00:00:00,False
6179,OF265259,5504T633,25x25,760,8,Serrote Disco pav 1,0.38989,S355JR,,2026-08-21T00:00:00,False
6591,OF265528,1924,50x50x3,1924,15,Serrote Doall Pav.1,0.38695,,2026-09-04T00:00:00,2026-09-01T00:00:00,False
6057,OF265171,PA31M19,60.3x3,1928,9,Serrote Disco pav 1,0.379,S355J0H,2026-10-09T00:00:00,2026-09-04T00:00:00,False
6735,OF265567,CR1012A4010,16,150,24,Serrote Disco pav 1,0.37629,S275JR,2026-10-02T00:00:00,2026-09-18T00:00:00,False
6197,OF265306,5504T603,40x20,1460,6,Serrote Disco pav 1,0.3743,S355J2,2026-09-10T00:00:00,2026-08-21T00:00:00,False
6198,OF265306,5504T637,40x20,760,6,Serrote Disco pav 1,0.3743,S355J2,2026-09-10T00:00:00,2026-08-21T00:00:00,False
5728,OF264955,5189K001,60.3x2.9,144,9,Serrote Disco pav 1,0.36701,S355J0H,2026-09-18T00:00:00,2026-08-21T00:00:00,False
5629,OF264884,2998U006,IPN80,2100,6,Serrote Disco pav 1,0.35465,S355JR,2026-08-28T00:00:00,2026-08-07T00:00:00,False
6159,OF265248,2625P046,20,500,14,Serrote Disco pav 1,0.34297,S355JR,2026-09-14T00:00:00,2026-08-24T00:00:00,False
6480,OF265466,CI7712A4002,60.3x2.9,125,12,Serrote Fita Thomas IS639 Pav.1,0.33961,S235JR,2026-09-04T00:00:00,2026-08-21T00:00:00,False
6026,OF265132,PA31M3,177.8x5,5835,6,Serrote MEBA IS381 Pav 3,0.33912,S355J0H,2026-10-09T00:00:00,2026-09-04T00:00:00,False
5126,OF264280,3573V001,139.7x6.3,2000,6,Serrote MEBA IS381 Pav 3,0.32987,S235JR,2026-07-31T00:00:00,2026-07-17T00:00:00,False
5505,OF264742,5942V001,273x5,225,1,Serrote Disco pav 1,0.32827,S355JR,2026-09-04T00:00:00,2026-08-14T00:00:00,False
6705,OF265543,9271U002,40x40x5,2199,6,Serrote Disco pav 1,0.32751,S275JR,2026-10-02T00:00:00,2026-09-18T00:00:00,False
6239,OF265358,3567V003,60.3x2.9,2010,30,Serrote MEBA IS381 Pav 3,0.32668,S235JR,2026-09-11T00:00:00,2026-08-28T00:00:00,False
6262,OF265367,CI7712A4002,60.3x2.9,120,8,Serrote Disco pav 1,0.32623,S235JR,2026-09-04T00:00:00,2026-08-21T00:00:00,False
6324,OF265421,2998U001,400x400x10,5946,1,Serrote MEBA IS381 Pav 3,0.32484,S355J2,2026-09-25T00:00:00,2026-09-01T00:00:00,False
6325,OF265421,2998U010,400x400x10,8992,1,Serrote MEBA IS381 Pav 3,0.32484,S355J2,2026-09-25T00:00:00,2026-09-01T00:00:00,False
6060,OF265171,PA31M22,76.1x3,2088,6,Serrote Disco pav 1,0.32234,S355J0H,2026-10-09T00:00:00,2026-09-04T00:00:00,False
6061,OF265171,PA31M23,76.1x3,2148,6,Serrote Disco pav 1,0.32234,S355J0H,2026-10-09T00:00:00,2026-09-04T00:00:00,False
6062,OF265171,PA31M24,76.1x3,2264,6,Serrote Disco pav 1,0.32234,S355J0H,2026-10-09T00:00:00,2026-09-04T00:00:00,False
6218,OF265336,CC0111A4610,76.1x3.25,365,8,Serrote Fita Thomas IS639 Pav.1,0.32203,S235JR,2026-08-28T00:00:00,2026-08-21T00:00:00,False
6025,OF265132,PA31M2,139.7x4,5841,9,Serrote MEBA IS381 Pav 3,0.31958,S355J0H,2026-10-09T00:00:00,2026-09-04T00:00:00,False
6326,OF265422,CS0412A4001,18,1000,16,Serrote Disco pav 1,0.31749,S355JR,2026-09-01T00:00:00,2026-08-28T00:00:00,False
6161,OF265253,CR0813A4006,16,100,20,Serrote Disco pav 1,0.31357,S355JR,2026-10-09T00:00:00,2026-09-09T00:00:00,False
6580,OF265528,1722,50x50x3,1722,12,Serrote Doall Pav.1,0.30956,,2026-09-04T00:00:00,2026-09-01T00:00:00,False
6584,OF265528,1858,50x50x3,1858,12,Serrote Doall Pav.1,0.30956,,2026-09-04T00:00:00,2026-09-01T00:00:00,False
6616,OF265528,2212,50x50x3,2212,12,Serrote Doall Pav.1,0.30956,,2026-09-04T00:00:00,2026-09-01T00:00:00,False
6620,OF265528,2282,50x50x3,2282,12,Serrote Doall Pav.1,0.30956,,2026-09-04T00:00:00,2026-09-01T00:00:00,False
6621,OF265528,2292,50x50x3,2292,12,Serrote Doall Pav.1,0.30956,,2026-09-04T00:00:00,2026-09-01T00:00:00,False
6670,OF265528,2829,50x50x3,2829,12,Serrote Doall Pav.1,0.30956,,2026-09-04T00:00:00,2026-09-01T00:00:00,False
6682,OF265528,2880,50x50x3,2880,12,Serrote Doall Pav.1,0.30956,,2026-09-04T00:00:00,2026-09-01T00:00:00,False
6684,OF265528,2890,50x50x3,2890,12,Serrote Doall Pav.1,0.30956,,2026-09-04T00:00:00,2026-09-01T00:00:00,False
6687,OF265528,2904,50x50x3,2904,12,Serrote Doall Pav.1,0.30956,,2026-09-04T00:00:00,2026-09-01T00:00:00,False
6689,OF265528,2918,50x50x3,2918,12,Serrote Doall Pav.1,0.30956,,2026-09-04T00:00:00,2026-09-01T00:00:00,False
6052,OF265171,PA31M45,48.3x3,1275,9,Serrote Disco pav 1,0.29963,S355J0H,2026-10-09T00:00:00,2026-09-04T00:00:00,False
5254,OF264437,D444S004,193.7x3.2,550,2,Serrote Disco pav 1,0.29868,S275JR,2026-08-28T00:00:00,2026-08-14T00:00:00,False
6137,OF265225,CI6518A4001,89x2.6,1650,20,Serrote MEBA IS381 Pav 3,0.29391,S355J2,2026-10-02T00:00:00,2026-09-18T00:00:00,False
69,OF256011,TL465-102,225x6,5820,2,Vanguard,0.29348,S355J2+N,2025-11-14T00:00:00,2025-11-14T00:00:00,False
6696,OF265529,CI7712A4118,60x3,804,10,Serrote Fita Thomas IS639 Pav.1,0.29073,S235JR,2026-09-11T00:00:00,2026-09-28T00:00:00,False
5976,OF265008,PA3SV39,101.6x3,2725,15,Serrote MEBA IS381 Pav 3,0.29026,S355J0H,2026-09-18T00:00:00,2026-08-15T00:00:00,False
5978,OF265008,PA3SV41,101.6x3,2792,15,Serrote MEBA IS381 Pav 3,0.29026,S355J0H,2026-09-18T00:00:00,2026-08-15T00:00:00,False
5982,OF265008,PA3SV47,101.6x3,3143,15,Serrote MEBA IS381 Pav 3,0.29026,S355J0H,2026-09-18T00:00:00,2026-08-15T00:00:00,False
5729,OF264955,5340N002,48.2x2.9,80,9,Serrote Disco pav 1,0.28964,S235JR,2026-09-18T00:00:00,2026-08-21T00:00:00,False
6143,OF265231,6429V001,350x350x10,9462,1,Serrote MEBA IS381 Pav 3,0.28319,S355JR,2026-09-14T00:00:00,2026-08-21T00:00:00,False
6314,OF265417,CR0813A4007,16,80,18,Serrote Disco pav 1,0.28221,S355JR,2026-10-09T00:00:00,2026-09-18T00:00:00,False
6039,OF265157,CA4317A4007,UPN65x42,3518,4,Serrote Disco pav 1,0.28166,S275JR,2026-09-25T00:00:00,2026-09-04T00:00:00,False
6043,OF265157,CA4317A4011,UPN65x42,1860,4,Serrote Disco pav 1,0.28166,S275JR,2026-09-25T00:00:00,2026-09-04T00:00:00,False
6045,OF265157,CA4317A4013,UPN65x42,684,4,Serrote Disco pav 1,0.28166,S275JR,2026-09-25T00:00:00,2026-09-04T00:00:00,False
6201,OF265321,CD04T002,193.7x6,70,1,Serrote Disco pav 1,0.27589,S355J2,2026-09-15T00:00:00,2026-09-01T00:00:00,False
6291,OF265404,5815O015,88.9x3.2,150,4,Serrote Disco pav 1,0.26873,S275JR,2026-10-09T00:00:00,2026-09-18T00:00:00,False
5969,OF265008,PA3SV31,48.3x3,1940,30,Serrote MEBA IS381 Pav 3,0.26671,S355J0H,2026-09-18T00:00:00,2026-08-15T00:00:00,False
5971,OF265008,PA3SV33,48.3x3,2016,30,Serrote MEBA IS381 Pav 3,0.26671,S355J0H,2026-09-18T00:00:00,2026-08-15T00:00:00,False
5993,OF265022,6442V001,406x10,200,1,Serrote MEBA IS381 Pav 3,0.25905,S355J2,2026-08-21T00:00:00,2026-08-14T00:00:00,False
5974,OF265008,PA3SV37,88.9x3,2731,15,Serrote MEBA IS381 Pav 3,0.25287,S355J0H,2026-09-18T00:00:00,2026-08-15T00:00:00,False
5980,OF265008,PA3SV43,88.9x3,3003,15,Serrote MEBA IS381 Pav 3,0.25287,S355J0H,2026-09-18T00:00:00,2026-08-15T00:00:00,False
5983,OF265008,PA3SV48,88.9x3,2724,15,Serrote MEBA IS381 Pav 3,0.25287,S355J0H,2026-09-18T00:00:00,2026-08-15T00:00:00,False
6136,OF265225,CI6518A4001,76x2.6,3050,20,Serrote MEBA IS381 Pav 3,0.24968,S355J2,2026-10-02T00:00:00,2026-09-18T00:00:00,False
5506,OF264742,5942V002,114.3x3,150,3,Serrote Disco pav 1,0.24539,S275JR,2026-09-04T00:00:00,2026-08-14T00:00:00,False
6040,OF265157,CA4317A4008,33.7x2.6,1190,12,Serrote Disco pav 1,0.23771,S235JR,2026-09-25T00:00:00,2026-09-04T00:00:00,False
6466,OF265452,2998U011,IPN80,3175,4,Serrote Disco pav 1,0.23643,S355JR,2026-09-18T00:00:00,2026-08-28T00:00:00,False
6703,OF265543,9271U000,50x40x3,3935,6,Serrote Disco pav 1,0.23581,S275JR,2026-10-02T00:00:00,2026-09-18T00:00:00,False
6704,OF265543,9271U001,50x40x3,3935,6,Serrote Disco pav 1,0.23581,S275JR,2026-10-02T00:00:00,2026-09-18T00:00:00,False
6585,OF265528,1868,50x50x3,1868,9,Serrote Doall Pav.1,0.23217,,2026-09-04T00:00:00,2026-09-01T00:00:00,False
6610,OF265528,2113,50x50x3,2113,9,Serrote Doall Pav.1,0.23217,,2026-09-04T00:00:00,2026-09-01T00:00:00,False
6639,OF265528,2546,50x50x3,2546,9,Serrote Doall Pav.1,0.23217,,2026-09-04T00:00:00,2026-09-01T00:00:00,False
6685,OF265528,2895,50x50x3,2895,9,Serrote Doall Pav.1,0.23217,,2026-09-04T00:00:00,2026-09-01T00:00:00,False
6690,OF265528,2923,50x50x3,2923,9,Serrote Doall Pav.1,0.23217,,2026-09-04T00:00:00,2026-09-01T00:00:00,False
6047,OF265157,CA2098A4006,76x3.25,1000,4,Serrote Disco pav 1,0.23169,S235JR,2026-09-25T00:00:00,2026-09-04T00:00:00,False
6223,OF265357,CA6319A4130,76.1x3.2,2000,4,Serrote Disco pav 1,0.22859,S235JR,2026-10-09T00:00:00,2026-09-11T00:00:00,False
4458,OF263321,AT2T524,UPN140x60,1905,1,Vanguard,0.22174,S355J2,2026-07-31T00:00:00,2026-07-31T00:00:00,False
5693,OF264911,CD04T004,24,770,6,Serrote Disco pav 1,0.21166,S355J2,2026-10-07T00:00:00,2026-09-07T00:00:00,False
6203,OF265321,CD04T004,24,770,6,Serrote Disco pav 1,0.21166,S355J2,2026-09-15T00:00:00,2026-09-01T00:00:00,False
6707,OF265543,9271U006,40x40x3,400,6,Serrote Disco pav 1,0.20774,S275JR,2026-10-02T00:00:00,2026-09-18T00:00:00,False
6714,OF265549,6133V015,40x40x3,3700,6,Serrote Disco pav 1,0.20774,S275JR,2026-10-02T00:00:00,2026-09-18T00:00:00,False
6725,OF265549,D212T033,40x40x3,198,6,Serrote Disco pav 1,0.20774,S275JR,2026-10-02T00:00:00,2026-09-18T00:00:00,False
6048,OF265157,CA1396A4500,14.5,305,16,Serrote Disco pav 1,0.20603,S235JR,2026-09-25T00:00:00,2026-09-04T00:00:00,False
6481,OF265466,CI0114A4J01,88.9x3,3500,12,Serrote MEBA IS381 Pav 3,0.2023,S275JR,2026-09-04T00:00:00,2026-08-21T00:00:00,False
6722,OF265549,6133V024,30x30x3,863,8,Serrote Disco pav 1,0.20212,S275JR,2026-10-02T00:00:00,2026-09-18T00:00:00,False
6053,OF265171,PA31M46,48.3x3,1373,6,Serrote Disco pav 1,0.19975,S355J0H,2026-10-09T00:00:00,2026-09-04T00:00:00,False
6054,OF265171,PA31M47,48.3x3,1450,6,Serrote Disco pav 1,0.19975,S355J0H,2026-10-09T00:00:00,2026-09-04T00:00:00,False
6708,OF265543,9271U007,48.3x2.9,200,6,Serrote Disco pav 1,0.19352,S235JR,2026-10-02T00:00:00,2026-09-18T00:00:00,False
6710,OF265543,5848V001,48.3x2.9,990,6,Serrote Disco pav 1,0.19352,S235JR,2026-10-02T00:00:00,2026-09-18T00:00:00,False
6228,OF265357,CA6319A4094,10.6,273,26,Serrote Disco pav 1,0.17892,S235JR,2026-10-09T00:00:00,2026-09-11T00:00:00,False
5630,OF264884,2998U007,IPN80,3150,3,Serrote Disco pav 1,0.17732,S355JR,2026-08-28T00:00:00,2026-08-07T00:00:00,False
5631,OF264884,2998U009,IPN80,2450,3,Serrote Disco pav 1,0.17732,S355JR,2026-08-28T00:00:00,2026-08-07T00:00:00,False
6266,OF265367,CC0111A4610,76.1x3.25,365,3,Serrote Disco pav 1,0.174,S235JR,2026-09-04T00:00:00,2026-08-21T00:00:00,False
6318,OF265420,6690V005,76.1x3.2,277,3,Serrote Disco pav 1,0.17145,S235JR,2026-10-09T00:00:00,2026-09-11T00:00:00,False
6319,OF265420,8136R001,76.1x3.2,317,3,Serrote Disco pav 1,0.17145,S235JR,2026-10-09T00:00:00,2026-09-11T00:00:00,False
6320,OF265420,8136RTU2,76.1x3.2,3000,3,Serrote Disco pav 1,0.17145,S275JR,2026-10-09T00:00:00,2026-09-11T00:00:00,False
6460,OF265444,5492V003,60.3x2.9,1197,6,Serrote Fita Thomas IS639 Pav.1,0.16981,S235JR,2026-09-04T00:00:00,2026-08-21T00:00:00,False
6027,OF265132,PA31M16,177.8x5,3256,3,Serrote MEBA IS381 Pav 3,0.16956,S355J0H,2026-10-09T00:00:00,2026-09-04T00:00:00,False
6063,OF265171,PA31M72,76.1x3,1800,3,Serrote Disco pav 1,0.16117,S355J0H,2026-10-09T00:00:00,2026-09-04T00:00:00,False
6064,OF265171,PA31M105,76.1x3,1849,3,Serrote Disco pav 1,0.16117,S355J0H,2026-10-09T00:00:00,2026-09-04T00:00:00,False
5941,OF265007,5295V010,50x40x3,3463,4,Serrote Disco pav 1,0.15721,S275JR,2026-09-11T00:00:00,2026-08-28T00:00:00,False
5857,OF265004,1P103,50x50x3,2258.1,6,Serrote Doall Pav.1,0.15478,,2026-08-07T00:00:00,2026-08-14T00:00:00,False
5864,OF265004,1P112,50x50x3,2978.2,6,Serrote Doall Pav.1,0.15478,,2026-08-07T00:00:00,2026-08-14T00:00:00,False
5872,OF265004,1P122,50x50x3,2169.1,6,Serrote Doall Pav.1,0.15478,,2026-08-07T00:00:00,2026-08-14T00:00:00,False
5885,OF265004,1P22,50x50x3,2674.1,6,Serrote Doall Pav.1,0.15478,,2026-08-07T00:00:00,2026-08-14T00:00:00,False
5904,OF265004,1P46,50x50x3,1554.1,6,Serrote Doall Pav.1,0.15478,,2026-08-07T00:00:00,2026-08-14T00:00:00,False
5920,OF265004,1P64,50x50x3,2968.3,6,Serrote Doall Pav.1,0.15478,,2026-08-07T00:00:00,2026-08-14T00:00:00,False
6560,OF265528,1307,50x50x3,1307,6,Serrote Doall Pav.1,0.15478,,2026-09-04T00:00:00,2026-09-01T00:00:00,False
6571,OF265528,1383,50x50x3,1383,6,Serrote Doall Pav.1,0.15478,,2026-09-04T00:00:00,2026-09-01T00:00:00,False
6572,OF265528,1387,50x50x3,1387,6,Serrote Doall Pav.1,0.15478,,2026-09-04T00:00:00,2026-09-01T00:00:00,False
6581,OF265528,1774,50x50x3,1774,6,Serrote Doall Pav.1,0.15478,,2026-09-04T00:00:00,2026-09-01T00:00:00,False
6582,OF265528,1840,50x50x3,1840,6,Serrote Doall Pav.1,0.15478,,2026-09-04T00:00:00,2026-09-01T00:00:00,False
6586,OF265528,1877,50x50x3,1877,6,Serrote Doall Pav.1,0.15478,,2026-09-04T00:00:00,2026-09-01T00:00:00,False
6587,OF265528,1887,50x50x3,1887,6,Serrote Doall Pav.1,0.15478,,2026-09-04T00:00:00,2026-09-01T00:00:00,False
6590,OF265528,1915,50x50x3,1915,6,Serrote Doall Pav.1,0.15478,,2026-09-04T00:00:00,2026-09-01T00:00:00,False
6592,OF265528,1934,50x50x3,1934,6,Serrote Doall Pav.1,0.15478,,2026-09-04T00:00:00,2026-09-01T00:00:00,False
6594,OF265528,1943,50x50x3,1943,6,Serrote Doall Pav.1,0.15478,,2026-09-04T00:00:00,2026-09-01T00:00:00,False
6595,OF265528,1953,50x50x3,1953,6,Serrote Doall Pav.1,0.15478,,2026-09-04T00:00:00,2026-09-01T00:00:00,False
6603,OF265528,2023,50x50x3,2023,6,Serrote Doall Pav.1,0.15478,,2026-09-04T00:00:00,2026-09-01T00:00:00,False
6611,OF265528,2117,50x50x3,2117,6,Serrote Doall Pav.1,0.15478,,2026-09-04T00:00:00,2026-09-01T00:00:00,False
6614,OF265528,2188,50x50x3,2188,6,Serrote Doall Pav.1,0.15478,,2026-09-04T00:00:00,2026-09-01T00:00:00,False
6617,OF265528,2226,50x50x3,2226,6,Serrote Doall Pav.1,0.15478,,2026-09-04T00:00:00,2026-09-01T00:00:00,False
6624,OF265528,2334,50x50x3,2334,6,Serrote Doall Pav.1,0.15478,,2026-09-04T00:00:00,2026-09-01T00:00:00,False
6666,OF265528,2810,50x50x3,2810,6,Serrote Doall Pav.1,0.15478,,2026-09-04T00:00:00,2026-09-01T00:00:00,False
6688,OF265528,2909,50x50x3,2909,6,Serrote Doall Pav.1,0.15478,,2026-09-04T00:00:00,2026-09-01T00:00:00,False
6692,OF265528,2932,50x50x3,2932,6,Serrote Doall Pav.1,0.15478,,2026-09-04T00:00:00,2026-09-01T00:00:00,False
6024,OF265132,PA31M1,88.9x3,5839,9,Serrote MEBA IS381 Pav 3,0.15172,S355JR,2026-10-09T00:00:00,2026-09-04T00:00:00,False
6720,OF265549,6133V022,30x30x3,1293,6,Serrote Disco pav 1,0.15159,S275JR,2026-10-02T00:00:00,2026-09-18T00:00:00,False
6065,OF265172,CS0103A4045,100x100x5,20,1,Serrote Disco pav 1,0.14816,S355JR,2026-10-09T00:00:00,2026-09-18T00:00:00,False
6077,OF265173,CS0103A4012,70x3,260,3,Serrote Disco pav 1,0.14772,S235JR,2026-10-09T00:00:00,2026-09-11T00:00:00,False
6073,OF265173,CS0103A4009,20,128,6,Serrote Disco pav 1,0.14699,INOX,2026-10-09T00:00:00,2026-09-11T00:00:00,False
6160,OF265248,2625P048,20,1706,6,Serrote Disco pav 1,0.14699,S355JR,2026-09-14T00:00:00,2026-08-24T00:00:00,False
70,OF256011,TL322-203,225x6,5340,1,Vanguard,0.14674,S355J2+N,2025-11-14T00:00:00,2025-11-14T00:00:00,False
72,OF256011,TL323-203,225x6,5395,1,Vanguard,0.14674,S355J2+N,2025-11-14T00:00:00,2025-11-14T00:00:00,False
6208,OF265322,CI7712A4002,60.3x2.9,125,5,Serrote Fita Thomas IS639 Pav.1,0.14151,S235JR,2026-09-04T00:00:00,2026-08-21T00:00:00,False
6313,OF265417,CR0813A4006,16,100,9,Serrote Disco pav 1,0.14111,S355JR,2026-10-09T00:00:00,2026-09-18T00:00:00,False
6204,OF265321,CD04T007,50x50x3.2,460,3,Serrote Disco pav 1,0.14014,S355J2,2026-09-15T00:00:00,2026-09-01T00:00:00,False
6727,OF265549,D212T035,40x40x3,235,4,Serrote Disco pav 1,0.13849,S275JR,2026-10-02T00:00:00,2026-09-18T00:00:00,False
6210,OF265333,CD04T006,42.4x5,625,3,Serrote Disco pav 1,0.13743,S355J2,2026-09-07T00:00:00,2026-08-22T00:00:00,False
6461,OF265446,CB3314A4J01,140x3,2000,5,Serrote MEBA IS381 Pav 3,0.13443,S275JR,2026-09-11T00:00:00,2026-08-28T00:00:00,False
6265,OF265367,CI7912A4002,88.9x3.2,156,2,Serrote Disco pav 1,0.13437,S235JR,2026-09-04T00:00:00,2026-08-21T00:00:00,False
5973,OF265008,PA3SV35,48.3x3,2093,15,Serrote MEBA IS381 Pav 3,0.13335,S355J0H,2026-09-18T00:00:00,2026-08-15T00:00:00,False
5975,OF265008,PA3SV38,48.3x3,2137,15,Serrote MEBA IS381 Pav 3,0.13335,S355J0H,2026-09-18T00:00:00,2026-08-15T00:00:00,False
5977,OF265008,PA3SV40,48.3x3,2214,15,Serrote MEBA IS381 Pav 3,0.13335,S355J0H,2026-09-18T00:00:00,2026-08-15T00:00:00,False
5979,OF265008,PA3SV42,48.3x3,2283,15,Serrote MEBA IS381 Pav 3,0.13335,S355J0H,2026-09-18T00:00:00,2026-08-15T00:00:00,False
5981,OF265008,PA3SV44,48.3x3,2090,15,Serrote MEBA IS381 Pav 3,0.13335,S355J0H,2026-09-18T00:00:00,2026-08-15T00:00:00,False
5432,OF264669,0641S010,20x10x1,1050,50,Serrote Fita Thomas IS639 Pav.1,0.12988,,2026-08-14T00:00:00,2026-07-31T00:00:00,False
6068,OF265173,CS0103A4008,26.9x2.35,38,9,Serrote Disco pav 1,0.1272,S235JR,2026-10-09T00:00:00,2026-09-11T00:00:00,False
6128,OF265215,PA3117A4814,10.6,326,18,Serrote Disco pav 1,0.12387,S235JR,2026-10-09T00:00:00,2026-09-11T00:00:00,False
6296,OF265411,4279U002,63x3,1396,4,Serrote Fita Thomas IS639 Pav.1,0.12241,S275JR,2026-09-02T00:00:00,2026-08-25T00:00:00,False
5592,OF264775,0134V001,100x100x4,730,1,Serrote Disco pav 1,0.11978,S235JR,2026-08-11T00:00:00,2026-07-31T00:00:00,False
6290,OF265403,CI7122A4001,177x4,1500,1,Serrote Fita Thomas IS639 Pav.1,0.11765,S235JR,2026-09-04T00:00:00,2026-08-21T00:00:00,False
6076,OF265173,CS0103A4009,25,40,3,Serrote Disco pav 1,0.11483,S235JR,2026-10-09T00:00:00,2026-09-11T00:00:00,False
6711,OF265544,CR1516A3520,41x21x2.5,1000,6,Serrote Disco pav 1,0.11463,S235JR,2026-10-09T00:00:00,2026-09-25T00:00:00,False
6034,OF265157,TA0418A4001,76.1x3.2,1000,2,Serrote Disco pav 1,0.1143,S235JR,2026-09-25T00:00:00,2026-09-04T00:00:00,False
6219,OF265357,TA0418A4001,76.1x3.2,1000,2,Serrote Disco pav 1,0.1143,S235JR,2026-10-09T00:00:00,2026-09-11T00:00:00,False
6205,OF265321,CD04T008,21.3x3.2,20,8,Serrote Disco pav 1,0.11351,S355J2,2026-09-15T00:00:00,2026-09-01T00:00:00,False
6049,OF265166,CI7712A4034,60.3x2.9,1152,4,Serrote Fita Thomas IS639 Pav.1,0.1132,S235JR,2026-08-28T00:00:00,2026-08-14T00:00:00,False
6146,OF265237,CI7712A4002,60.3x2.9,125,4,Serrote Fita Thomas IS639 Pav.1,0.1132,S235JR,2026-09-04T00:00:00,2026-08-21T00:00:00,False
5945,OF265007,CR1213A4050,40x40x5,1900,2,Serrote Disco pav 1,0.10917,S275JR,2026-09-11T00:00:00,2026-08-28T00:00:00,False
5733,OF264957,2539N002,140x3,1200,4,Serrote MEBA IS381 Pav 3,0.10755,S275JR,2026-08-21T00:00:00,2026-08-07T00:00:00,False
6145,OF265237,2759N001,140x3,1200,4,Serrote MEBA IS381 Pav 3,0.10755,S275JR,2026-09-04T00:00:00,2026-08-21T00:00:00,False
6713,OF265549,4716S031,40x40x3,806,3,Serrote Disco pav 1,0.10387,S275JR,2026-10-02T00:00:00,2026-09-18T00:00:00,False
6717,OF265549,6133V018,30x30x3,1240,4,Serrote Disco pav 1,0.10106,S275JR,2026-10-02T00:00:00,2026-09-18T00:00:00,False
6055,OF265171,PA31M109,48.3x3,1354,3,Serrote Disco pav 1,0.09988,S355J0H,2026-10-09T00:00:00,2026-09-04T00:00:00,False
5616,OF264859,CI7712A4002,60.3x2.9,520,9,Serrote MEBA IS381 Pav 3,0.098,S235JR,2026-08-14T00:00:00,2026-07-31T00:00:00,False
6142,OF265229,4708N101,20,45,4,Serrote Disco pav 1,0.09799,S275JR,2026-09-01T00:00:00,2026-08-28T00:00:00,False
6155,OF265248,1675V014,20,2856,4,Serrote Disco pav 1,0.09799,S355JR,2026-09-14T00:00:00,2026-08-24T00:00:00,False
6069,OF265173,CS0103A4003,48.3x2.9,275,3,Serrote Disco pav 1,0.09676,S235JR,2026-10-09T00:00:00,2026-09-11T00:00:00,False
6072,OF265173,CS0103A4007,48.3x2.9,315,3,Serrote Disco pav 1,0.09676,S235JR,2026-10-09T00:00:00,2026-09-11T00:00:00,False
6120,OF265215,PR_TU1,48.3x2.9,500,3,Serrote Disco pav 1,0.09676,S235JR,2026-10-09T00:00:00,2026-09-11T00:00:00,False
6192,OF265292,CI7822A4001,139.7x4,1200,1,Serrote Fita Thomas IS639 Pav.1,0.09229,S275JR,2026-08-28T00:00:00,2026-08-14T00:00:00,False
6700,OF265541,CI1822A4001,139.7x4,1200,1,Serrote Fita Thomas IS639 Pav.1,0.09229,S275JR,2026-09-11T00:00:00,2026-08-28T00:00:00,False
6196,OF265302,6388V001,63x3,986,3,Serrote Fita Thomas IS639 Pav.1,0.09181,S275JR,2026-08-28T00:00:00,2026-08-21T00:00:00,False
6295,OF265411,6009T002,63x3,1296,3,Serrote Fita Thomas IS639 Pav.1,0.09181,S275JR,2026-09-02T00:00:00,2026-08-25T00:00:00,False
6156,OF265248,2625P012,T70x70,1085,1,Serrote Disco pav 1,0.08734,S355JR,2026-09-14T00:00:00,2026-08-24T00:00:00,False
6157,OF265248,2625P014,T70x70,950,1,Serrote Disco pav 1,0.08734,S355JR,2026-09-14T00:00:00,2026-08-24T00:00:00,False
6158,OF265248,2625P017,T70x70,710,1,Serrote Disco pav 1,0.08734,S355JR,2026-09-14T00:00:00,2026-08-24T00:00:00,False
4688,OF263774,5504T603,40x20,1460,2,Serrote Fita Thomas IS639 Pav.1,0.08659,S355J2,2026-07-09T00:00:00,2026-06-27T00:00:00,False
6083,OF265174,CS0103A4033,UPN80x45,314,1,Serrote Disco pav 1,0.08578,S275JR,2026-10-09T00:00:00,2026-09-18T00:00:00,False
5735,OF264959,CIC115A4001,60.3x2.9,2054,3,Serrote Fita Thomas IS639 Pav.1,0.0849,S235JR,2026-08-25T00:00:00,2026-08-07T00:00:00,False
6185,OF265272,4083U001,60.3x2.9,2237,3,Serrote Fita Thomas IS639 Pav.1,0.0849,S235JR,2026-08-25T00:00:00,2026-08-19T00:00:00,False
6483,OF265467,9955T011,60.3x2.9,490,3,Serrote Fita Thomas IS639 Pav.1,0.0849,S235JR,2026-08-25T00:00:00,2026-08-19T00:00:00,False
6462,OF265446,CB3314A4J02,89x3,2760,5,Serrote MEBA IS381 Pav 3,0.08439,S275JR,2026-09-11T00:00:00,2026-08-28T00:00:00,False
6207,OF265322,CI0114A4J01,88.9x3,3500,5,Serrote MEBA IS381 Pav 3,0.08429,S275JR,2026-09-04T00:00:00,2026-08-21T00:00:00,False
6164,OF265254,CC0117A4017,10.6,1000,12,Serrote Disco pav 1,0.08258,S355JR,2026-10-09T00:00:00,2026-09-11T00:00:00,False
6180,OF265261,9731Q003,108x4,2896,3,Serrote MEBA IS381 Pav 3,0.08164,S235JR,2026-10-02T00:00:00,2026-09-18T00:00:00,False
6074,OF265173,CS0103A4009,12,117,9,Serrote Disco pav 1,0.07937,S235JR,2026-10-09T00:00:00,2026-09-11T00:00:00,False
6042,OF265157,CA4317A4010,33.7x2.6,3595,4,Serrote Disco pav 1,0.07924,S235JR,2026-09-25T00:00:00,2026-09-04T00:00:00,False
5855,OF265004,1P100,50x50x3,2791.1,3,Serrote Doall Pav.1,0.07739,,2026-08-07T00:00:00,2026-08-14T00:00:00,False
5860,OF265004,1P108,50x50x3,2951.2,3,Serrote Doall Pav.1,0.07739,,2026-08-07T00:00:00,2026-08-14T00:00:00,False
5861,OF265004,1P109,50x50x3,2792.1,3,Serrote Doall Pav.1,0.07739,,2026-08-07T00:00:00,2026-08-14T00:00:00,False
5862,OF265004,1P110,50x50x3,2976.1,3,Serrote Doall Pav.1,0.07739,,2026-08-07T00:00:00,2026-08-14T00:00:00,False
5865,OF265004,1P113,50x50x3,2884.2,3,Serrote Doall Pav.1,0.07739,,2026-08-07T00:00:00,2026-08-14T00:00:00,False
5867,OF265004,1P117,50x50x3,2946.8,3,Serrote Doall Pav.1,0.07739,,2026-08-07T00:00:00,2026-08-14T00:00:00,False
5869,OF265004,1P119,50x50x3,2206.6,3,Serrote Doall Pav.1,0.07739,,2026-08-07T00:00:00,2026-08-14T00:00:00,False
5873,OF265004,1P123,50x50x3,2973.1,3,Serrote Doall Pav.1,0.07739,,2026-08-07T00:00:00,2026-08-14T00:00:00,False
5874,OF265004,1P124,50x50x3,2799.1,3,Serrote Doall Pav.1,0.07739,,2026-08-07T00:00:00,2026-08-14T00:00:00,False
5881,OF265004,1P15,50x50x3,2908.4,3,Serrote Doall Pav.1,0.07739,,2026-08-07T00:00:00,2026-08-14T00:00:00,False
5886,OF265004,1P23,50x50x3,2866.6,3,Serrote Doall Pav.1,0.07739,,2026-08-07T00:00:00,2026-08-14T00:00:00,False
5888,OF265004,1P27,50x50x3,2899.5,3,Serrote Doall Pav.1,0.07739,,2026-08-07T00:00:00,2026-08-14T00:00:00,False
5889,OF265004,1P28,50x50x3,1917.7,3,Serrote Doall Pav.1,0.07739,,2026-08-07T00:00:00,2026-08-14T00:00:00,False
5891,OF265004,1P30,50x50x3,1327.5,3,Serrote Doall Pav.1,0.07739,,2026-08-07T00:00:00,2026-08-14T00:00:00,False
5894,OF265004,1P35,50x50x3,1309.7,3,Serrote Doall Pav.1,0.07739,,2026-08-07T00:00:00,2026-08-14T00:00:00,False
5897,OF265004,1P39,50x50x3,2813.6,3,Serrote Doall Pav.1,0.07739,,2026-08-07T00:00:00,2026-08-14T00:00:00,False
5899,OF265004,1P40,50x50x3,1298.8,3,Serrote Doall Pav.1,0.07739,,2026-08-07T00:00:00,2026-08-14T00:00:00,False
5900,OF265004,1P41,50x50x3,2931.7,3,Serrote Doall Pav.1,0.07739,,2026-08-07T00:00:00,2026-08-14T00:00:00,False
5902,OF265004,1P43,50x50x3,2781.8,3,Serrote Doall Pav.1,0.07739,,2026-08-07T00:00:00,2026-08-14T00:00:00,False
5911,OF265004,1P56,50x50x3,2822.5,3,Serrote Doall Pav.1,0.07739,,2026-08-07T00:00:00,2026-08-14T00:00:00,False
5912,OF265004,1P57,50x50x3,2970.6,3,Serrote Doall Pav.1,0.07739,,2026-08-07T00:00:00,2026-08-14T00:00:00,False
5914,OF265004,1P59,50x50x3,2792.7,3,Serrote Doall Pav.1,0.07739,,2026-08-07T00:00:00,2026-08-14T00:00:00,False
5917,OF265004,1P61,50x50x3,2779,3,Serrote Doall Pav.1,0.07739,,2026-08-07T00:00:00,2026-08-14T00:00:00,False
5919,OF265004,1P63,50x50x3,2793.2,3,Serrote Doall Pav.1,0.07739,,2026-08-07T00:00:00,2026-08-14T00:00:00,False
5923,OF265004,1P67,50x50x3,2777.2,3,Serrote Doall Pav.1,0.07739,,2026-08-07T00:00:00,2026-08-14T00:00:00,False
5927,OF265004,1P74,50x50x3,2772.2,3,Serrote Doall Pav.1,0.07739,,2026-08-07T00:00:00,2026-08-14T00:00:00,False
5928,OF265004,1P75,50x50x3,2838.6,3,Serrote Doall Pav.1,0.07739,,2026-08-07T00:00:00,2026-08-14T00:00:00,False
5929,OF265004,1P76,50x50x3,2924.2,3,Serrote Doall Pav.1,0.07739,,2026-08-07T00:00:00,2026-08-14T00:00:00,False
5934,OF265004,1P88,50x50x3,1256.1,3,Serrote Doall Pav.1,0.07739,,2026-08-07T00:00:00,2026-08-14T00:00:00,False
5939,OF265004,1P95,50x50x3,2849.6,3,Serrote Doall Pav.1,0.07739,,2026-08-07T00:00:00,2026-08-14T00:00:00,False
5940,OF265004,1P99,50x50x3,1211.1,3,Serrote Doall Pav.1,0.07739,,2026-08-07T00:00:00,2026-08-14T00:00:00,False
6554,OF265528,1232,50x50x3,1232,3,Serrote Doall Pav.1,0.07739,,2026-09-04T00:00:00,2026-09-01T00:00:00,False
6557,OF265528,1284,50x50x3,1284,3,Serrote Doall Pav.1,0.07739,,2026-09-04T00:00:00,2026-09-01T00:00:00,False
6559,OF265528,1303,50x50x3,1303,3,Serrote Doall Pav.1,0.07739,,2026-09-04T00:00:00,2026-09-01T00:00:00,False
6573,OF265528,1453,50x50x3,1453,3,Serrote Doall Pav.1,0.07739,,2026-09-04T00:00:00,2026-09-01T00:00:00,False
6575,OF265528,1529,50x50x3,1529,3,Serrote Doall Pav.1,0.07739,,2026-09-04T00:00:00,2026-09-01T00:00:00,False
6576,OF265528,1557,50x50x3,1557,3,Serrote Doall Pav.1,0.07739,,2026-09-04T00:00:00,2026-09-01T00:00:00,False
6578,OF265528,1661,50x50x3,1661,3,Serrote Doall Pav.1,0.07739,,2026-09-04T00:00:00,2026-09-01T00:00:00,False
6579,OF265528,1675,50x50x3,1675,3,Serrote Doall Pav.1,0.07739,,2026-09-04T00:00:00,2026-09-01T00:00:00,False
6583,OF265528,1849,50x50x3,1849,3,Serrote Doall Pav.1,0.07739,,2026-09-04T00:00:00,2026-09-01T00:00:00,False
6588,OF265528,1901,50x50x3,1901,3,Serrote Doall Pav.1,0.07739,,2026-09-04T00:00:00,2026-09-01T00:00:00,False
6589,OF265528,1905,50x50x3,1905,3,Serrote Doall Pav.1,0.07739,,2026-09-04T00:00:00,2026-09-01T00:00:00,False
6593,OF265528,1938,50x50x3,1938,3,Serrote Doall Pav.1,0.07739,,2026-09-04T00:00:00,2026-09-01T00:00:00,False
6596,OF265528,1957,50x50x3,1957,3,Serrote Doall Pav.1,0.07739,,2026-09-04T00:00:00,2026-09-01T00:00:00,False
6597,OF265528,1967,50x50x3,1967,3,Serrote Doall Pav.1,0.07739,,2026-09-04T00:00:00,2026-09-01T00:00:00,False
6598,OF265528,1981,50x50x3,1981,3,Serrote Doall Pav.1,0.07739,,2026-09-04T00:00:00,2026-09-01T00:00:00,False
6599,OF265528,1986,50x50x3,1986,3,Serrote Doall Pav.1,0.07739,,2026-09-04T00:00:00,2026-09-01T00:00:00,False
6601,OF265528,1995,50x50x3,1995,3,Serrote Doall Pav.1,0.07739,,2026-09-04T00:00:00,2026-09-01T00:00:00,False
6602,OF265528,2014,50x50x3,2014,3,Serrote Doall Pav.1,0.07739,,2026-09-04T00:00:00,2026-09-01T00:00:00,False
6604,OF265528,2033,50x50x3,2033,3,Serrote Doall Pav.1,0.07739,,2026-09-04T00:00:00,2026-09-01T00:00:00,False
6606,OF265528,2047,50x50x3,2047,3,Serrote Doall Pav.1,0.07739,,2026-09-04T00:00:00,2026-09-01T00:00:00,False
6607,OF265528,2066,50x50x3,2066,3,Serrote Doall Pav.1,0.07739,,2026-09-04T00:00:00,2026-09-01T00:00:00,False
6609,OF265528,2089,50x50x3,2089,3,Serrote Doall Pav.1,0.07739,,2026-09-04T00:00:00,2026-09-01T00:00:00,False
6612,OF265528,2136,50x50x3,2136,3,Serrote Doall Pav.1,0.07739,,2026-09-04T00:00:00,2026-09-01T00:00:00,False
6618,OF265528,2240,50x50x3,2240,3,Serrote Doall Pav.1,0.07739,,2026-09-04T00:00:00,2026-09-01T00:00:00,False
6619,OF265528,2249,50x50x3,2249,3,Serrote Doall Pav.1,0.07739,,2026-09-04T00:00:00,2026-09-01T00:00:00,False
6622,OF265528,2315,50x50x3,2315,3,Serrote Doall Pav.1,0.07739,,2026-09-04T00:00:00,2026-09-01T00:00:00,False
6623,OF265528,2320,50x50x3,2320,3,Serrote Doall Pav.1,0.07739,,2026-09-04T00:00:00,2026-09-01T00:00:00,False
6625,OF265528,2348,50x50x3,2348,3,Serrote Doall Pav.1,0.07739,,2026-09-04T00:00:00,2026-09-01T00:00:00,False
6638,OF265528,2541,50x50x3,2541,3,Serrote Doall Pav.1,0.07739,,2026-09-04T00:00:00,2026-09-01T00:00:00,False
6665,OF265528,2805,50x50x3,2805,3,Serrote Doall Pav.1,0.07739,,2026-09-04T00:00:00,2026-09-01T00:00:00,False
6674,OF265528,2843,50x50x3,2843,3,Serrote Doall Pav.1,0.07739,,2026-09-04T00:00:00,2026-09-01T00:00:00,False
6686,OF265528,2899,50x50x3,2899,3,Serrote Doall Pav.1,0.07739,,2026-09-04T00:00:00,2026-09-01T00:00:00,False
6691,OF265528,2928,50x50x3,2928,3,Serrote Doall Pav.1,0.07739,,2026-09-04T00:00:00,2026-09-01T00:00:00,False
6224,OF265357,CA6319A4090,42.4x2.6,3200,3,Serrote Disco pav 1,0.07605,S235JR,2026-10-09T00:00:00,2026-09-11T00:00:00,False
5448,OF264695,PR_R2,M10,42,12,Serrote Disco pav 1,0.07349,A2/70,2026-10-16T00:00:00,2026-08-28T00:00:00,False
5307,OF264480,CI7115A4001,108x4,70,1,Serrote Fita Thomas IS639 Pav.1,0.07073,S355J2,2026-08-07T00:00:00,2026-07-24T00:00:00,False
6478,OF265465,7067V002,140x3,1200,1,Serrote Fita Thomas IS639 Pav.1,0.06988,S275JR,2026-09-04T00:00:00,2026-08-21T00:00:00,False
5732,OF264957,2539N001,89x3,1750,4,Serrote MEBA IS381 Pav 3,0.06751,S275JR,2026-08-21T00:00:00,2026-08-07T00:00:00,False
6144,OF265237,9382R002,89x3,2820,4,Serrote MEBA IS381 Pav 3,0.06751,S275JR,2026-09-04T00:00:00,2026-08-21T00:00:00,False
6263,OF265367,CI7912A4002,88.9x3.2,175,1,Serrote Disco pav 1,0.06718,S235JR,2026-09-04T00:00:00,2026-08-21T00:00:00,False
6141,OF265229,1009V001,70x40x4,1400,1,Serrote Disco pav 1,0.06363,S275JR,2026-09-01T00:00:00,2026-08-28T00:00:00,False
6728,OF265562,A570R008,63x3,884,2,Serrote Fita Thomas IS639 Pav.1,0.06121,S275JR,2026-09-11T00:00:00,2026-08-28T00:00:00,False
6009,OF265061,0641S010,20x10x1,1050,16,Serrote Disco pav 1,0.05989,,2026-08-28T00:00:00,2026-08-14T00:00:00,False
6311,OF265417,4553V001,41x24x2.5,2350,3,Serrote Disco pav 1,0.05907,S235JR,2026-10-09T00:00:00,2026-09-18T00:00:00,False
6078,OF265174,CS0104A4001,33x2.6,30,3,Serrote Disco pav 1,0.05809,S235JR,2026-10-09T00:00:00,2026-09-18T00:00:00,False
6497,OF265487,CA2219A4TU3,76.1x3.2,10250,1,Serrote Disco pav 1,0.05715,S275JR,2026-09-18T00:00:00,2026-08-28T00:00:00,False
6278,OF265398,CI7712A4EK4,60.3x2.9,3561,2,Serrote Fita Thomas IS639 Pav.1,0.0566,S235JR,2026-09-05T00:00:00,2026-08-28T00:00:00,False
6502,OF265489,9955T011,60.3x2.9,490,2,Serrote Fita Thomas IS639 Pav.1,0.0566,S235JR,2026-08-25T00:00:00,2026-08-19T00:00:00,False
6504,OF265490,9955T011,60.3x2.9,490,2,Serrote Fita Thomas IS639 Pav.1,0.0566,S235JR,2026-08-25T00:00:00,2026-08-19T00:00:00,False
6010,OF265062,0641S010,20x10x1,1050,15,Serrote Disco pav 1,0.05614,,2026-08-28T00:00:00,2026-08-14T00:00:00,False
6041,OF265157,CA4317A4009,26.9x2.3,3595,4,Serrote Disco pav 1,0.05544,S235JR,2026-09-25T00:00:00,2026-09-04T00:00:00,False
6498,OF265487,CA2219A4161,10.6,300,8,Serrote Disco pav 1,0.05505,S235JR,2026-09-18T00:00:00,2026-08-28T00:00:00,False
6075,OF265173,CS0103A4009,12,40,6,Serrote Disco pav 1,0.05292,S235JR,2026-10-09T00:00:00,2026-09-11T00:00:00,False
6127,OF265215,PLT_VR2,12,196,6,Serrote Disco pav 1,0.05292,S275JR,2026-10-09T00:00:00,2026-09-11T00:00:00,False
6719,OF265549,6133V021,30x30x3,2060,2,Serrote Disco pav 1,0.05053,S275JR,2026-10-02T00:00:00,2026-09-18T00:00:00,False
5253,OF264436,D444S008,20,225,2,Serrote Disco pav 1,0.049,S275JR,2026-08-28T00:00:00,2026-09-28T00:00:00,False
6154,OF265248,1675V008,20,375,2,Serrote Disco pav 1,0.049,S355JR,2026-09-14T00:00:00,2026-08-24T00:00:00,False
6037,OF265157,PA0107A4301,12,117,5,Serrote Disco pav 1,0.0441,INOX,2026-09-25T00:00:00,2026-09-04T00:00:00,False
6479,OF265465,7067V001,89x3,6850,1,Serrote Fita Thomas IS639 Pav.1,0.04386,S275JR,2026-09-04T00:00:00,2026-08-21T00:00:00,False
6193,OF265292,0746U002,88.9x3,835,1,Serrote Fita Thomas IS639 Pav.1,0.04381,S235JR,2026-08-28T00:00:00,2026-08-14T00:00:00,False
6701,OF265541,CI1822A4002,88.9x3,1735,1,Serrote Fita Thomas IS639 Pav.1,0.04381,S235JR,2026-09-11T00:00:00,2026-08-28T00:00:00,False
6117,OF265210,6501V001,114x3,2900,2,Serrote MEBA IS381 Pav 3,0.04357,S275JR,2026-09-18T00:00:00,2026-09-04T00:00:00,False
5507,OF264742,5942V004,60.3x3,150,1,Serrote Disco pav 1,0.04211,S275JR,2026-09-04T00:00:00,2026-08-14T00:00:00,False
6316,OF265420,0172V002,60x3,1000,1,Serrote Disco pav 1,0.04189,S275JR,2026-10-09T00:00:00,2026-09-11T00:00:00,False
6226,OF265357,CA6319A4066,10.6,208,6,Serrote Disco pav 1,0.04129,S235JR,2026-10-09T00:00:00,2026-09-11T00:00:00,False
6227,OF265357,CA6319A4067,10.6,175,6,Serrote Disco pav 1,0.04129,S235JR,2026-10-09T00:00:00,2026-09-11T00:00:00,False
6315,OF265418,CC0117A4016,10.6,716,6,Serrote Disco pav 1,0.04129,S235JR,2026-09-11T00:00:00,2026-09-04T00:00:00,False
6140,OF265229,CI7712A4002,60.3x2.9,50,1,Serrote Disco pav 1,0.04078,S235JR,2026-09-01T00:00:00,2026-08-28T00:00:00,False
6484,OF265467,9955T012,76.1x3.2,490,1,Serrote Fita Thomas IS639 Pav.1,0.03966,S235JR,2026-08-25T00:00:00,2026-08-19T00:00:00,False
6036,OF265157,PA0107A4300,18x2,78,5,Serrote Disco pav 1,0.0392,S235JR,2026-09-25T00:00:00,2026-09-04T00:00:00,False
6737,OF265580,CI7716A4005,60.3x4,1101,1,Serrote Fita Thomas IS639 Pav.1,0.03829,S355JR,2026-09-11T00:00:00,2026-08-28T00:00:00,False
6171,OF265256,4836V002,141x4,400,1,Serrote MEBA IS381 Pav 3,0.03585,S275JR,2026-09-11T00:00:00,2026-08-28T00:00:00,False
6220,OF265357,CA6319A4127,48.3x3.2,235,1,Serrote Disco pav 1,0.03536,S235JR,2026-10-09T00:00:00,2026-09-11T00:00:00,False
6221,OF265357,CA6319A4128,48.3x3.2,500,1,Serrote Disco pav 1,0.03536,S235JR,2026-10-09T00:00:00,2026-09-11T00:00:00,False
5721,OF264949,D212T032,40x40x3,275,1,Serrote Disco pav 1,0.03462,S275JR,2026-09-11T00:00:00,2026-08-21T00:00:00,False
6716,OF265549,6133V017,40x40x3,2600,1,Serrote Disco pav 1,0.03462,S275JR,2026-10-02T00:00:00,2026-09-18T00:00:00,False
6718,OF265549,6133V020,40x40x3,2140,1,Serrote Disco pav 1,0.03462,S275JR,2026-10-02T00:00:00,2026-09-18T00:00:00,False
6721,OF265549,6133V023,40x40x3,3653,1,Serrote Disco pav 1,0.03462,S275JR,2026-10-02T00:00:00,2026-09-18T00:00:00,False
6723,OF265549,6133V025,40x40x3,4040,1,Serrote Disco pav 1,0.03462,S275JR,2026-10-02T00:00:00,2026-09-18T00:00:00,False
6724,OF265549,D212T032,40x40x3,275,1,Serrote Disco pav 1,0.03462,S275JR,2026-10-02T00:00:00,2026-09-18T00:00:00,False
6726,OF265549,D212T034,40x40x3,275,1,Serrote Disco pav 1,0.03462,S275JR,2026-10-02T00:00:00,2026-09-18T00:00:00,False
6170,OF265256,4836V001,133x4,2500,1,Serrote MEBA IS381 Pav 3,0.03376,S235JR,2026-09-11T00:00:00,2026-08-28T00:00:00,False
5369,OF264541,CS0310A4007,48.3x2.9,4800,1,Serrote Disco pav 1,0.03225,S235JR,2026-08-21T00:00:00,2026-07-31T00:00:00,False
6070,OF265173,CS0103A4005,48.3x2.9,4800,1,Serrote Disco pav 1,0.03225,S235JR,2026-10-09T00:00:00,2026-09-11T00:00:00,False
6071,OF265173,CS0103A4006,48.3x2.9,2700,1,Serrote Disco pav 1,0.03225,S235JR,2026-10-09T00:00:00,2026-09-11T00:00:00,False
6116,OF265210,6501V001,89x2.6,1650,2,Serrote MEBA IS381 Pav 3,0.02939,S355J2,2026-09-18T00:00:00,2026-09-04T00:00:00,False
6211,OF265333,CD04T008,21.3x3.2,20,2,Serrote Disco pav 1,0.02838,S355J2,2026-09-07T00:00:00,2026-08-22T00:00:00,False
6147,OF265240,2730N001,60.3x2.9,2482,1,Serrote Fita Thomas IS639 Pav.1,0.0283,S235JR,2026-08-28T00:00:00,2026-08-21T00:00:00,False
6279,OF265398,CI7712A4EI4,60.3x2.9,3187,1,Serrote Fita Thomas IS639 Pav.1,0.0283,S235JR,2026-09-05T00:00:00,2026-08-28T00:00:00,False
6452,OF265425,9955T011,60.3x2.9,490,1,Serrote Fita Thomas IS639 Pav.1,0.0283,S235JR,2026-08-25T00:00:00,2026-08-19T00:00:00,False
6458,OF265429,CI7712A4002,60.3x2.9,325,1,Serrote Fita Thomas IS639 Pav.1,0.0283,S235JR,2026-09-04T00:00:00,2026-08-21T00:00:00,False
6500,OF265488,9955T011,60.3x2.9,490,1,Serrote Fita Thomas IS639 Pav.1,0.0283,S235JR,2026-08-25T00:00:00,2026-08-19T00:00:00,False
6506,OF265507,9955T011,60.3x2.9,490,1,Serrote Fita Thomas IS639 Pav.1,0.0283,S235JR,2026-08-25T00:00:00,2026-08-19T00:00:00,False
6699,OF265539,9955T011,60.3x2.9,490,1,Serrote Fita Thomas IS639 Pav.1,0.0283,S235JR,2026-09-08T00:00:00,2026-08-28T00:00:00,False
6729,OF265564,CIC115A4002,60.3x2.9,1989,1,Serrote Fita Thomas IS639 Pav.1,0.0283,S235JR,2026-09-18T00:00:00,2026-09-04T00:00:00,False
6730,OF265564,CIC115A4007,60.3x2.9,427,1,Serrote Fita Thomas IS639 Pav.1,0.0283,S275JR,2026-09-18T00:00:00,2026-09-04T00:00:00,False
6163,OF265254,CC0117A4015,10.6,539,4,Serrote Disco pav 1,0.02753,S235JR,2026-10-09T00:00:00,2026-09-11T00:00:00,False
6209,OF265333,CD04T005,12,284,3,Serrote Disco pav 1,0.02646,S355J2,2026-09-07T00:00:00,2026-08-22T00:00:00,False
6231,OF265357,PA0107A4301,12,117,3,Serrote Disco pav 1,0.02646,INOX,2026-10-09T00:00:00,2026-09-11T00:00:00,False
6312,OF265417,CR0813A4001,12,133,3,Serrote Disco pav 1,0.02646,S235JR,2026-10-09T00:00:00,2026-09-18T00:00:00,False
6067,OF265172,CS0103A4065,42.5x2.65,200,1,Serrote Disco pav 1,0.02587,S275JR,2026-10-09T00:00:00,2026-09-18T00:00:00,False
6115,OF265210,6501V001,76x2.6,3050,2,Serrote MEBA IS381 Pav 3,0.02497,S355J2,2026-09-18T00:00:00,2026-09-04T00:00:00,False
6169,OF265256,4836V001,108x3.6,2550,1,Serrote MEBA IS381 Pav 3,0.02459,S235JR,2026-09-11T00:00:00,2026-08-28T00:00:00,False
6066,OF265172,CS0103A4064,20,20,1,Serrote Disco pav 1,0.0245,S275JR,2026-10-09T00:00:00,2026-09-18T00:00:00,False
6081,OF265174,CS0103A4016,20,89,1,Serrote Disco pav 1,0.0245,INOX,2026-10-09T00:00:00,2026-09-18T00:00:00,False
6046,OF265157,5858P001,14,391,2,Serrote Disco pav 1,0.02401,S235JR,2026-09-25T00:00:00,2026-09-04T00:00:00,False
6230,OF265357,PA0107A4300,18x2,78,3,Serrote Disco pav 1,0.02352,S235JR,2026-10-09T00:00:00,2026-09-11T00:00:00,False
5340,OF264509,5877T1803,12x12,80,2,Serrote Disco pav 1,0.02246,S355J2,2026-08-14T00:00:00,2026-08-14T00:00:00,False
6082,OF265174,CS0106A4023,33.7x2.6,650,1,Serrote Disco pav 1,0.01981,S235JR,2026-10-09T00:00:00,2026-09-18T00:00:00,False
6119,OF265215,PR_R2,M10,42,3,Serrote Disco pav 1,0.01837,A2/70,2026-10-09T00:00:00,2026-09-11T00:00:00,False
6038,OF265157,CA2397A4001,12,230,2,Serrote Disco pav 1,0.01764,S235JR,2026-09-25T00:00:00,2026-09-04T00:00:00,False
6225,OF265357,CA6319A4051,12,223,2,Serrote Disco pav 1,0.01764,S235JR,2026-10-09T00:00:00,2026-09-11T00:00:00,False
6168,OF265256,4836V001,76x3,2550,1,Serrote MEBA IS381 Pav 3,0.01433,S235JR,2026-09-11T00:00:00,2026-08-28T00:00:00,False
6488,OF265479,CA1012A4029,21.3x2.6,22,1,Serrote Disco pav 1,0.01191,S235JR,2026-09-18T00:00:00,2026-08-28T00:00:00,False
6232,OF265357,CA2397A4001,12,230,1,Serrote Disco pav 1,0.00882,S235JR,2026-10-09T00:00:00,2026-09-11T00:00:00,False
6322,OF265420,CA2397A4001,12,230,1,Serrote Disco pav 1,0.00882,S235JR,2026-10-09T00:00:00,2026-09-11T00:00:00,False
6091,OF265180,CA4A19A4001,M10,42,1,Serrote Disco pav 1,0.00612,S235JR,2026-10-02T00:00:00,2026-09-11T00:00:00,False
6317,OF265420,CA4A19A4001,M10,42,1,Serrote Disco pav 1,0.00612,S235JR,2026-10-09T00:00:00,2026-09-11T00:00:00,False
6487,OF265479,CA1012A4028,10,277,1,Serrote Disco pav 1,0.00612,S275JR,2026-09-18T00:00:00,2026-08-28T00:00:00,False
5127,OF264280,CC0111A4613,20x10x1,5500,6,Serrote MEBA IS381 Pav 3,0.006,,2026-07-31T00:00:00,2026-07-17T00:00:00,False
