linha_excel,of,referencia,perfil,comprimento_mm,qualidade,data_corte_importada,picking_importado,data_cpis,quantidade_pendente,preparacao_h_hipotese,execucao_h_historica,inicio_h_util,fim_h_util,dia_conclusao_cenario
317,OF256244,D444S004,193.7x3.2,550,S275JR,2025-12-01,35,2026-09-21T00:00:00,23,0.3333333333333333,0.9172006138066757,0.0,1.250533947140009,2026-09-14
4086,OF262986,5852UJ01,400x300x6,2900,S275JR,2026-05-29,0,2026-12-31T00:00:00,36,0.3333333333333333,6.188905547226387,1.250533947140009,7.772772827699729,2026-09-15
4924,OF264121,CI5619S4530,122x3,400,S275JR,2026-07-10,0,2026-07-24T00:00:00,20,0.3333333333333333,0.46707836803746294,7.772772827699729,8.573184529070526,2026-09-15
5126,OF264280,3573V001,139.7x6.3,2000,S235JR,2026-07-17,0,2026-07-31T00:00:00,6,0.3333333333333333,0.3298672286269281,8.573184529070526,9.236385091030787,2026-09-15
5616,OF264859,CI7712A4002,60.3x2.9,520,S235JR,2026-07-31,0,2026-08-14T00:00:00,9,0.3333333333333333,0.09800403169350765,9.236385091030787,9.667722456057628,2026-09-15
5618,OF264860,CI7712A4002,60.3x2.9,520,S235JR,2026-07-31,0,2026-11-13T00:00:00,57,0,0.6206922007255484,9.667722456057628,10.288414656783177,2026-09-15
5733,OF264957,2539N002,140x3,1200,S275JR,2026-08-07,0,2026-08-21T00:00:00,4,0.3333333333333333,0.10754577549770157,10.288414656783177,10.729293765614212,2026-09-15
5732,OF264957,2539N001,89x3,1750,S275JR,2026-08-07,0,2026-08-21T00:00:00,4,0.3333333333333333,0.06751048680877617,10.729293765614212,11.130137585756323,2026-09-15
5993,OF265022,6442V001,406x10,200,S355J2,2026-08-14,32,2026-08-21T00:00:00,1,0.3333333333333333,0.25905186798716434,11.130137585756323,11.722522787076821,2026-09-15
5976,OF265008,PA3SV39,101.6x3,2725,S355J0H,2026-08-15,36,2026-09-18T00:00:00,15,0.3333333333333333,0.29025584299470936,11.722522787076821,12.346111963404864,2026-09-15
5978,OF265008,PA3SV41,101.6x3,2792,S355J0H,2026-08-15,36,2026-09-18T00:00:00,15,0,0.29025584299470936,12.346111963404864,12.636367806399573,2026-09-15
5982,OF265008,PA3SV47,101.6x3,3143,S355J0H,2026-08-15,36,2026-09-18T00:00:00,15,0,0.29025584299470936,12.636367806399573,12.926623649394282,2026-09-15
5946,OF265008,PA3SV2,48.3x3,1411,S355J0H,2026-08-15,36,2026-09-18T00:00:00,180,0.3333333333333333,1.6002340390661656,12.926623649394282,14.860191021793781,2026-09-15
5949,OF265008,PA3SV6,48.3x3,1336,S355J0H,2026-08-15,36,2026-09-18T00:00:00,180,0,1.6002340390661656,14.860191021793781,16.460425060859947,2026-09-16
5952,OF265008,PA3SV10,48.3x3,1271,S355J0H,2026-08-15,36,2026-09-18T00:00:00,45,0,0.4000585097665414,16.460425060859947,16.86048357062649,2026-09-16
5954,OF265008,PA3SV12,48.3x3,1367,S355J0H,2026-08-15,36,2026-09-18T00:00:00,45,0,0.4000585097665414,16.86048357062649,17.26054208039303,2026-09-16
5956,OF265008,PA3SV14,48.3x3,1442,S355J0H,2026-08-15,36,2026-09-18T00:00:00,45,0,0.4000585097665414,17.26054208039303,17.66060059015957,2026-09-16
5957,OF265008,PA3SV17,48.3x3,1489,S355J0H,2026-08-15,36,2026-09-18T00:00:00,45,0,0.4000585097665414,17.66060059015957,18.060659099926113,2026-09-16
5959,OF265008,PA3SV19,48.3x3,1564,S355J0H,2026-08-15,36,2026-09-18T00:00:00,90,0,0.8001170195330828,18.060659099926113,18.860776119459196,2026-09-16
5961,OF265008,PA3SV21,48.3x3,1642,S355J0H,2026-08-15,36,2026-09-18T00:00:00,45,0,0.4000585097665414,18.860776119459196,19.260834629225737,2026-09-16
5963,OF265008,PA3SV24,48.3x3,1710,S355J0H,2026-08-15,36,2026-09-18T00:00:00,45,0,0.4000585097665414,19.260834629225737,19.66089313899228,2026-09-16
5965,OF265008,PA3SV26,48.3x3,1788,S355J0H,2026-08-15,36,2026-09-18T00:00:00,45,0,0.4000585097665414,19.66089313899228,20.06095164875882,2026-09-16
5967,OF265008,PA3SV28,48.3x3,1865,S355J0H,2026-08-15,36,2026-09-18T00:00:00,45,0,0.4000585097665414,20.06095164875882,20.46101015852536,2026-09-16
5969,OF265008,PA3SV31,48.3x3,1940,S355J0H,2026-08-15,36,2026-09-18T00:00:00,30,0,0.2667056731776943,20.46101015852536,20.727715831703055,2026-09-16
5971,OF265008,PA3SV33,48.3x3,2016,S355J0H,2026-08-15,36,2026-09-18T00:00:00,30,0,0.2667056731776943,20.727715831703055,20.994421504880748,2026-09-16
5973,OF265008,PA3SV35,48.3x3,2093,S355J0H,2026-08-15,36,2026-09-18T00:00:00,15,0,0.13335283658884714,20.994421504880748,21.127774341469596,2026-09-16
5975,OF265008,PA3SV38,48.3x3,2137,S355J0H,2026-08-15,36,2026-09-18T00:00:00,15,0,0.13335283658884714,21.127774341469596,21.261127178058445,2026-09-16
5977,OF265008,PA3SV40,48.3x3,2214,S355J0H,2026-08-15,36,2026-09-18T00:00:00,15,0,0.13335283658884714,21.261127178058445,21.394480014647293,2026-09-16
5979,OF265008,PA3SV42,48.3x3,2283,S355J0H,2026-08-15,36,2026-09-18T00:00:00,15,0,0.13335283658884714,21.394480014647293,21.52783285123614,2026-09-16
5981,OF265008,PA3SV44,48.3x3,2090,S355J0H,2026-08-15,36,2026-09-18T00:00:00,15,0,0.13335283658884714,21.52783285123614,21.66118568782499,2026-09-16
5947,OF265008,PA3SV3,60.3x3,1885,S355J0H,2026-08-15,36,2026-09-18T00:00:00,135,0.3333333333333333,1.518102821829325,21.66118568782499,23.512621842987645,2026-09-17
5948,OF265008,PA3SV5,60.3x3,1928,S355J0H,2026-08-15,36,2026-09-18T00:00:00,45,0,0.5060342739431084,23.512621842987645,24.018656116930753,2026-09-17
5950,OF265008,PA3SV7,76.1x3,1827,S355J0H,2026-08-15,36,2026-09-18T00:00:00,35,0.3333333333333333,0.5021092456402726,24.018656116930753,24.85409869590436,2026-09-17
5951,OF265008,PA3SV9,76.1x3,1767,S355J0H,2026-08-15,36,2026-09-18T00:00:00,45,0,0.645569030108922,24.85409869590436,25.499667726013282,2026-09-17
5953,OF265008,PA3SV11,76.1x3,2088,S355J0H,2026-08-15,36,2026-09-18T00:00:00,45,0,0.645569030108922,25.499667726013282,26.145236756122205,2026-09-17
5955,OF265008,PA3SV13,76.1x3,2148,S355J0H,2026-08-15,36,2026-09-18T00:00:00,45,0,0.645569030108922,26.145236756122205,26.79080578623113,2026-09-17
5958,OF265008,PA3SV18,88.9x3,2229,S355J0H,2026-08-15,36,2026-09-18T00:00:00,45,0.3333333333333333,0.7586098452305939,26.79080578623113,27.882748964795056,2026-09-17
5960,OF265008,PA3SV20,88.9x3,2293,S355J0H,2026-08-15,36,2026-09-18T00:00:00,45,0,0.7586098452305939,27.882748964795056,28.64135881002565,2026-09-17
5962,OF265008,PA3SV23,88.9x3,2379,S355J0H,2026-08-15,36,2026-09-18T00:00:00,45,0,0.7586098452305939,28.64135881002565,29.399968655256245,2026-09-17
5964,OF265008,PA3SV25,88.9x3,2409,S355J0H,2026-08-15,36,2026-09-18T00:00:00,45,0,0.7586098452305939,29.399968655256245,30.15857850048684,2026-09-18
5966,OF265008,PA3SV27,88.9x3,2474,S355J0H,2026-08-15,36,2026-09-18T00:00:00,45,0,0.7586098452305939,30.15857850048684,30.917188345717435,2026-09-18
5968,OF265008,PA3SV30,88.9x3,2511,S355J0H,2026-08-15,36,2026-09-18T00:00:00,30,0,0.5057398968203959,30.917188345717435,31.42292824253783,2026-09-18
5970,OF265008,PA3SV32,88.9x3,2602,S355J0H,2026-08-15,36,2026-09-18T00:00:00,30,0,0.5057398968203959,31.42292824253783,31.928668139358223,2026-09-18
5972,OF265008,PA3SV34,88.9x3,2668,S355J0H,2026-08-15,36,2026-09-18T00:00:00,30,0,0.5057398968203959,31.928668139358223,32.43440803617862,2026-09-18
5974,OF265008,PA3SV37,88.9x3,2731,S355J0H,2026-08-15,36,2026-09-18T00:00:00,15,0,0.25286994841019794,32.43440803617862,32.68727798458882,2026-09-18
5980,OF265008,PA3SV43,88.9x3,3003,S355J0H,2026-08-15,36,2026-09-18T00:00:00,15,0,0.25286994841019794,32.68727798458882,32.94014793299902,2026-09-18
5983,OF265008,PA3SV48,88.9x3,2724,S355J0H,2026-08-15,36,2026-09-18T00:00:00,15,0,0.25286994841019794,32.94014793299902,33.19301788140922,2026-09-18
5571,OF264759,CI5021A4000,114x3.2,2100,S235JR,2026-08-21,0,2026-09-04T00:00:00,108,0.3333333333333333,2.504984463096248,33.19301788140922,36.031335677838804,2026-09-18
6145,OF265237,2759N001,140x3,1200,S275JR,2026-08-21,,2026-09-04T00:00:00,4,0.3333333333333333,0.10754577549770157,36.031335677838804,36.47221478666984,2026-09-18
6207,OF265322,CI0114A4J01,88.9x3,3500,S275JR,2026-08-21,,2026-09-04T00:00:00,5,0.3333333333333333,0.08428998280339932,36.47221478666984,36.88983810280657,2026-09-18
6481,OF265466,CI0114A4J01,88.9x3,3500,S275JR,2026-08-21,,2026-09-04T00:00:00,12,0,0.2022959587281584,36.88983810280657,37.09213406153473,2026-09-18
6144,OF265237,9382R002,89x3,2820,S275JR,2026-08-21,,2026-09-04T00:00:00,4,0.3333333333333333,0.06751048680877617,37.09213406153473,37.49297788167684,2026-09-18
5388,OF264576,5564V002,108x3,1700,S355JR,2026-08-28,,2026-09-11T00:00:00,42,0.3333333333333333,0.8654687407752991,37.49297788167684,38.69177995578548,2026-09-21
6169,OF265256,4836V001,108x3.6,2550,S235JR,2026-08-28,,2026-09-11T00:00:00,1,0.3333333333333333,0.02458637728896361,38.69177995578548,39.049699666407776,2026-09-21
6234,OF265358,3567V001,114.3x3.2,2000,S235JR,2026-08-28,,2026-09-11T00:00:00,50,0.3333333333333333,1.1628550518534948,39.049699666407776,40.54588805159461,2026-09-21
6236,OF265358,7312U001,114.3x3.2,2000,S235JR,2026-08-28,,2026-09-11T00:00:00,50,0,1.1628550518534948,40.54588805159461,41.70874310344811,2026-09-21
6238,OF265358,3567V002,114.3x3.2,2000,S235JR,2026-08-28,,2026-09-11T00:00:00,50,0,1.1628550518534948,41.70874310344811,42.871598155301605,2026-09-21
6241,OF265358,3567V003,114.3x3.2,2010,S235JR,2026-08-28,,2026-09-11T00:00:00,30,0,0.6977130311120968,42.871598155301605,43.5693111864137,2026-09-21
6173,OF265256,4836V003,114x3.2,2100,S235JR,2026-08-28,,2026-09-11T00:00:00,100,0.3333333333333333,2.319430058422452,43.5693111864137,46.22207457816949,2026-09-22
6176,OF265256,4836V004,114x3.2,2300,S235JR,2026-08-28,,2026-09-11T00:00:00,100,0,2.319430058422452,46.22207457816949,48.541504636591945,2026-09-22
6170,OF265256,4836V001,133x4,2500,S235JR,2026-08-28,,2026-09-11T00:00:00,1,0.3333333333333333,0.03375524340438808,48.541504636591945,48.90859321332967,2026-09-22
6461,OF265446,CB3314A4J01,140x3,2000,S275JR,2026-08-28,,2026-09-11T00:00:00,5,0.3333333333333333,0.13443221937212696,48.90859321332967,49.37635876603513,2026-09-22
6171,OF265256,4836V002,141x4,400,S275JR,2026-08-28,,2026-09-11T00:00:00,1,0.3333333333333333,0.03584859183256719,49.37635876603513,49.745540691201036,2026-09-22
6239,OF265358,3567V003,60.3x2.9,2010,S235JR,2026-08-28,,2026-09-11T00:00:00,30,0.3333333333333333,0.3266801056450255,49.745540691201036,50.4055541301794,2026-09-22
6242,OF265358,CI7712A4002,60.3x2.9,126,S235JR,2026-08-28,,2026-09-11T00:00:00,150,0,1.6334005282251272,50.4055541301794,52.03895465840452,2026-09-22
5387,OF264576,5564V001,60x2.6,1250,S355J2,2026-08-28,,2026-09-11T00:00:00,42,0.3333333333333333,0.41003985674065313,52.03895465840452,52.78232784847851,2026-09-23
6235,OF265358,7312U001,76.1x3,3910,S275J0,2026-08-28,,2026-09-11T00:00:00,50,0.3333333333333333,0.7172989223432467,52.78232784847851,53.83296010415509,2026-09-23
6168,OF265256,4836V001,76x3,2550,S235JR,2026-08-28,,2026-09-11T00:00:00,1,0.3333333333333333,0.014326353305350757,53.83296010415509,54.18061979079378,2026-09-23
6172,OF265256,4836V003,76x3,3250,S235JR,2026-08-28,,2026-09-11T00:00:00,100,0,1.4326353305350759,54.18061979079378,55.613255121328855,2026-09-23
6174,OF265256,4836V004,76x3,2750,S235JR,2026-08-28,,2026-09-11T00:00:00,100,0,1.4326353305350759,55.613255121328855,57.04589045186393,2026-09-23
6233,OF265358,3567V001,76x3.2,2910,S235JR,2026-08-28,,2026-09-11T00:00:00,50,0.3333333333333333,0.7619788278571954,57.04589045186393,58.14120261305447,2026-09-23
6175,OF265256,4836V004,88.9x2.9,2050,S235JR,2026-08-28,,2026-09-11T00:00:00,100,0.3333333333333333,1.6315034312120897,58.14120261305447,60.10603937759989,2026-09-24
6237,OF265358,3567V002,88.9x3.2,4910,S235JR,2026-08-28,,2026-09-11T00:00:00,50,0.3333333333333333,0.8969998014747477,60.10603937759989,61.336372512407976,2026-09-24
6240,OF265358,3567V003,88.9x3.2,2010,S235JR,2026-08-28,,2026-09-11T00:00:00,30,0,0.5381998808848486,61.336372512407976,61.87457239329282,2026-09-24
6462,OF265446,CB3314A4J02,89x3,2760,S275JR,2026-08-28,,2026-09-11T00:00:00,5,0.3333333333333333,0.0843881085109702,61.87457239329282,62.29229383513713,2026-09-24
6117,OF265210,6501V001,114x3,2900,S275JR,2026-09-04,,2026-09-18T00:00:00,2,0.3333333333333333,0.04356781416147764,62.29229383513713,62.66919498263194,2026-09-24
6025,OF265132,PA31M2,139.7x4,5841,S355J0H,2026-09-04,35,2026-10-09T00:00:00,9,0.3333333333333333,0.3195758044168928,62.66919498263194,63.32210412038217,2026-09-24
6026,OF265132,PA31M3,177.8x5,5835,S355J0H,2026-09-04,35,2026-10-09T00:00:00,6,0.3333333333333333,0.3391224453650151,63.32210412038217,63.99455989908052,2026-09-24
6027,OF265132,PA31M16,177.8x5,3256,S355J0H,2026-09-04,35,2026-10-09T00:00:00,3,0,0.16956122268250756,63.99455989908052,64.16412112176303,2026-09-24
6028,OF265132,PA31M1043,193.7x6,385,S355J0H,2026-09-04,35,2026-10-09T00:00:00,6,0.3333333333333333,0.44203668746537,64.16412112176303,64.93949114256174,2026-09-24
6115,OF265210,6501V001,76x2.6,3050,S355J2,2026-09-04,,2026-09-18T00:00:00,2,0.3333333333333333,0.024968413377106303,64.93949114256174,65.29779288927217,2026-09-24
6024,OF265132,PA31M1,88.9x3,5839,S355JR,2026-09-04,35,2026-10-09T00:00:00,9,0.3333333333333333,0.1517219690461188,65.29779288927217,65.78284819165162,2026-09-24
6116,OF265210,6501V001,89x2.6,1650,S355J2,2026-09-04,,2026-09-18T00:00:00,2,0.3333333333333333,0.02939061193163466,65.78284819165162,66.14557213691658,2026-09-24
6134,OF265223,CI7018A4001,101x3,2650,S355J2,2026-09-18,0,2026-10-02T00:00:00,55,0.3333333333333333,1.0577951276142545,66.14557213691658,67.53670059786417,2026-09-25
6180,OF265261,9731Q003,108x4,2896,S235JR,2026-09-18,,2026-10-02T00:00:00,3,0.3333333333333333,0.08164058869898513,67.53670059786417,67.95167451989649,2026-09-25
6138,OF265225,CI6518A4001,114x3,2400,S275JR,2026-09-18,0,2026-10-02T00:00:00,20,0.3333333333333333,0.4356781416147764,67.95167451989649,68.72068599484459,2026-09-25
5590,OF264774,CI5421A3004,114x3.2,2300,S235JR,2026-09-18,0,2026-10-02T00:00:00,840,0.3333333333333333,19.483212490748596,68.72068599484459,88.53723181892651,2026-09-29
6135,OF265223,CI7018A4001,133x3,2400,S355J2,2026-09-18,0,2026-10-02T00:00:00,55,0.3333333333333333,1.4031976182638066,88.53723181892651,90.27376277052365,2026-09-30
5588,OF264774,CI5421A3004,76x2.6,2750,S235JR,2026-09-18,0,2026-10-02T00:00:00,840,0.3333333333333333,10.486733618384648,90.27376277052365,101.09382972224162,2026-10-01
6133,OF265223,CI7018A4001,76x2.6,3050,S355J2,2026-09-18,0,2026-10-02T00:00:00,55,0.3333333333333333,0.6866313678704234,101.09382972224162,102.11379442344537,2026-10-01
6136,OF265225,CI6518A4001,76x2.6,3050,S355J2,2026-09-18,0,2026-10-02T00:00:00,20,0,0.24968413377106305,102.11379442344537,102.36347855721644,2026-10-01
6137,OF265225,CI6518A4001,89x2.6,1650,S355J2,2026-09-18,0,2026-10-02T00:00:00,20,0.3333333333333333,0.29390611931634664,102.36347855721644,102.99071800986611,2026-10-01
5589,OF264774,CI5421A3004,89x3,2050,S235JR,2026-09-18,0,2026-10-02T00:00:00,840,0.3333333333333333,14.177202229842996,102.99071800986611,117.50125357304243,2026-10-05
5569,OF264758,CI5021A4000,114x3.2,2100,S235JR,2026-10-02,0,2026-10-16T00:00:00,840,0.3333333333333333,19.483212490748596,117.50125357304243,137.31779939712436,2026-10-08
5568,OF264758,CI5021A4000,76x2.6,2750,S235JR,2026-10-02,0,2026-10-16T00:00:00,840,0.3333333333333333,10.486733618384648,137.31779939712436,148.13786634884235,2026-10-09
5565,OF264756,CI5021A4000,114x3.2,1600,S235JR,2026-10-09,0,2026-10-23T00:00:00,368,0.3333333333333333,8.535502614994623,148.13786634884235,157.0067022971703,2026-10-12
5567,OF264757,CI5221A4006,114x3.2,2100,S235JR,2026-10-09,0,2026-10-23T00:00:00,105,0,2.4354015613435744,157.0067022971703,159.4421038585139,2026-10-13
5566,OF264757,CI5221A4006,60x2.6,2750,S235JR,2026-10-09,0,2026-10-23T00:00:00,105,0.3333333333333333,1.0250996418516327,159.4421038585139,160.80053683369886,2026-10-13
5564,OF264756,CI5021A4000,76x2.6,2550,S235JR,2026-10-09,0,2026-10-23T00:00:00,368,0.3333333333333333,4.59418806138756,160.80053683369886,165.72805822841977,2026-10-14
5582,OF264763,CI5121A4000,114x3.2,2600,S235JR,2026-10-16,0,2026-10-30T00:00:00,191,0.3333333333333333,4.430111411586883,165.72805822841977,170.49150297334,2026-10-14
5580,OF264763,CI5121A4030,133x3,400,S235JR,2026-10-16,0,2026-10-30T00:00:00,315,0.3333333333333333,8.036495450056348,170.49150297334,178.8613317567297,2026-10-15
5581,OF264763,CI5121A4000,76x2.6,3250,S235JR,2026-10-16,0,2026-10-30T00:00:00,315,0.3333333333333333,3.9325251068942424,178.8613317567297,183.1271901969573,2026-10-16
5561,OF264754,CI5221A4006,114x3.2,1600,S235JR,2026-10-23,0,2026-11-06T00:00:00,105,0.3333333333333333,2.4354015613435744,183.1271901969573,185.8959250916342,2026-10-16
5563,OF264755,CI5221A4006,114x3.2,1600,S235JR,2026-10-23,0,2026-11-06T00:00:00,53,0,1.2292979309638994,185.8959250916342,187.1252230225981,2026-10-16
5576,OF264761,CI5621A3005,114x3.2,2300,S235JR,2026-10-23,0,2026-11-06T00:00:00,53,0,1.2292979309638994,187.1252230225981,188.354520953562,2026-10-19
5579,OF264762,CI3422A4005,133x3.6,3400,S235JR,2026-10-23,0,2026-11-06T00:00:00,105,0.3333333333333333,3.1997615730378213,188.354520953562,191.88761585993316,2026-10-19
5560,OF264754,CI5221A4006,60x2.6,2050,S235JR,2026-10-23,0,2026-11-06T00:00:00,105,0.3333333333333333,1.0250996418516327,191.88761585993316,193.24604883511813,2026-10-19
5562,OF264755,CI5221A4006,60x2.6,2550,S235JR,2026-10-23,0,2026-11-06T00:00:00,53,0,0.5174312477917766,193.24604883511813,193.7634800829099,2026-10-19
5574,OF264761,CI5621A3005,60x2.6,2750,S235JR,2026-10-23,0,2026-11-06T00:00:00,53,0,0.5174312477917766,193.7634800829099,194.28091133070166,2026-10-19
5577,OF264762,CI3422A4005,76x2.6,3050,S235JR,2026-10-23,0,2026-11-06T00:00:00,105,0.3333333333333333,1.310841702298081,194.28091133070166,195.9250863663331,2026-10-20
5575,OF264761,CI5621A3005,89x3,2050,S235JR,2026-10-23,0,2026-11-06T00:00:00,53,0.3333333333333333,0.8945139502162841,195.9250863663331,197.15293364988273,2026-10-20
5578,OF264762,CI3422A4005,89x3.2,2850,S235JR,2026-10-23,0,2026-11-06T00:00:00,105,0.3333333333333333,1.8858975989465576,197.15293364988273,199.37216458216264,2026-10-20
