of,tipo,perfil,linhas,quantidade_por_cortar,linhas_excel,qualidade_confirmada
OF265424,Perfil I,IPE330,93,706,6407 6408 6409 6410 6411 6412 6413 6414 6415 6416 6417 6418 6419 6420 6421 6422 6352 6356 6357 6358 6359 6360 6361 6362 6363 6364 6365 6366 6367 6368 6369 6370 6371 6372 6373 6374 6375 6376 6377 6378 6379 6380 6381 6382 6383 6384 6385 6386 6387 6389 6390 6391 6392 6394 6395 6396 6397 6399 6400 6401 6402 6403 6404 6405 6406 6423 6424 6425 6426 6427 6428 6429 6430 6431 6432 6433 6434 6435 6436 6437 6438 6439 6440 6441 6442 6443 6444 6445 6446 6447 6448 6449 6450,
OF265528,Tubo quadrado,50x50x3,78,1047,6554 6557 6559 6560 6571 6572 6573 6575 6576 6578 6579 6580 6581 6582 6583 6584 6585 6586 6587 6588 6589 6590 6591 6592 6593 6594 6595 6596 6597 6598 6599 6601 6602 6603 6604 6606 6607 6609 6610 6611 6612 6614 6615 6616 6617 6618 6619 6620 6621 6622 6623 6624 6625 6638 6639 6662 6665 6666 6670 6671 6672 6673 6674 6675 6676 6680 6681 6682 6683 6684 6685 6686 6687 6688 6689 6690 6691 6692,
OF265004,Tubo quadrado,50x50x3,50,585,5838 5839 5842 5847 5855 5857 5860 5861 5862 5864 5865 5867 5869 5872 5873 5874 5880 5881 5882 5885 5886 5887 5888 5889 5890 5891 5892 5893 5894 5896 5897 5899 5900 5902 5904 5911 5912 5914 5917 5919 5920 5923 5927 5928 5929 5930 5931 5934 5939 5940,
OF265424,Perfil H,HEA240,24,65,6327 6328 6329 6330 6331 6333 6334 6335 6336 6337 6338 6339 6340 6341 6342 6343 6344 6345 6346 6347 6348 6349 6350 6351,
OF264051,Calha,40x22x2,9,196,4898 4899 4900 4901 4902 4903 4904 4905 4906,
OF265924,Calha,40x22x2,9,860,6983 6984 6985 6986 6987 6988 6989 6990 6991,
OF264250,Calha,20x10x1,1,6,5103,
OF264280,Calha,20x10x1,1,6,5127,
OF264415,Calha,20x10x1,1,500,5236,
OF264669,Calha,20x10x1,1,50,5432,
OF264689,Calha,20x10x1,1,500,5442,
OF264691,Calha,20x10x1,1,200,5445,
OF265061,Calha,20x10x1,1,16,6009,
OF265062,Calha,20x10x1,1,15,6010,
OF265105,Calha,20x10x1,1,8,6016,
OF265506,Calha,20x10x1,1,750,6505,
OF265528,Barra,30x8,1,8212,6693,
OF265693,Perfil U,UPN280x95,1,1,6740,
OF265676,Calha,20x10x1,1,13,6834,
OF265650,Calha,20x10x1,1,60,6836,
OF265688,Calha,20x10x1,1,1,6858,
OF265689,Calha,20x8x0.75,1,100,6910,
OF265649,Calha,20x10x1,1,1,6918,
