path,bytes,modified_at,source_url,inspection
Met3_Plan_Cantoneiras.xlsm,54399664,2026-09-09T06:55:17.793Z,https://drive.google.com/file/d/1cPNbFrspKahw5XAYDSiQggwhScNFK7_8/view,estrutura e dados relevantes analisados; detalhe no relatório
Met2_Plan_Perfis.xlsm,12876635,2026-09-09T06:55:00.508Z,https://drive.google.com/file/d/1T3fxlJVuw1Rl8m0lEj0P3tr9gi21C9Bd/view,estrutura e dados relevantes analisados; detalhe no relatório
RegistosCantoneirasMTG3_2026.08.25.xlsx,12119,2026-08-26T11:12:48.000Z,https://drive.google.com/file/d/13qvqTzKyK5kBtm692zAB0OIzKh4EVVno/view,estrutura e dados relevantes analisados; detalhe no relatório
TPL999_KANBAN_PERFIS_VANGUARD.pptx,23068,2026-08-19T11:50:58.000Z,https://drive.google.com/file/d/12g6zvsNXFhf8KgvfNxeoe8pRpuf4upkl/view,texto e campos de todos os slides inspecionados
TPL999_KANBAN_PERFIS_MAQABOCARDAR.pptx,32061,2026-08-19T11:44:17.000Z,https://drive.google.com/file/d/1iEDsoyVKAw7mnPAKNs5KaGF6fJlK_ikO/view,texto e campos de todos os slides inspecionados
TPL999_KANBAN_PERFIS_MEBA.pptx,32054,2026-08-19T11:42:04.000Z,https://drive.google.com/file/d/10YHJUtRzBLCZywy8RVwbyJeufG5Spss9/view,texto e campos de todos os slides inspecionados
TPL999_KANBAN_PERFIS_FITAPAV1.pptx,32067,2026-08-19T11:41:25.000Z,https://drive.google.com/file/d/1wEHFbyfXO_MqTA-SBx1WlCNYPs1zhZEI/view,texto e campos de todos os slides inspecionados
TPL999_KANBAN_PERFIS_DOALLPAV1.pptx,32069,2026-08-19T11:40:54.000Z,https://drive.google.com/file/d/1oPzkUaK0r1VO2eJNAVM44TTJObD96HAF/view,texto e campos de todos os slides inspecionados
TPL999_KANBAN_PERFIS_DISCOPAV1.pptx,32044,2026-08-19T11:40:08.000Z,https://drive.google.com/file/d/14O-KSs7QIqOaZdApioH8bVqYkQcnJI60/view,texto e campos de todos os slides inspecionados
Modelo_BaseDados_PerfisCantoneiras.xlsx,655746,2026-08-19T11:31:06.000Z,https://drive.google.com/file/d/1cLnC6aZOB9rAJdAkgtKXxlf5kG7il5Ou/view,estrutura e dados relevantes analisados; detalhe no relatório
TPL102_KANBAN_CANTONEIRAS_Rapid25.pptx,34355,2026-08-18T12:13:13.000Z,https://drive.google.com/file/d/1xmzwvil-rgM0yj8pu2wIBdXqVnt8uyNm/view,texto e campos de todos os slides inspecionados
TPL102_KANBAN_CANTONEIRAS_FicepXP_T4.pptx,34382,2026-08-18T12:08:23.000Z,https://drive.google.com/file/d/1Jmj7rRQPxG4Ap4mU9Em2pR_A_HHQsku8/view,texto e campos de todos os slides inspecionados
TPL102_KANBAN_CANTONEIRAS_FicepXP_T6.pptx,34812,2026-08-18T12:01:02.000Z,https://drive.google.com/file/d/1CgwqkkdZ313QbqjBIr_bstXQhMN5D91j/view,texto e campos de todos os slides inspecionados
TPL102_KANBAN_CANTONEIRAS_Peddi8.pptx,34318,2026-08-18T11:49:48.000Z,https://drive.google.com/file/d/1W2sep34GptHQT59enwie4c-H0_oBIbOH/view,texto e campos de todos os slides inspecionados
plan_colunas_cpis.xlsx,2543065,2026-08-07T13:39:51.904Z,https://drive.google.com/file/d/1JkRUIj-sgJHmm1yRwNhELt_hAb8jL4Eu/view,estrutura e dados relevantes analisados; detalhe no relatório
StockSAP_Dinamico.xlsx,73015,2026-08-07T13:39:51.120Z,https://drive.google.com/file/d/1h2Rxi83kyY91byO6jL7m_ZVQA8USU7wM/view,estrutura e dados relevantes analisados; detalhe no relatório
TPL102_KANBAN_CANTONEIRAS_Rapid20T-2_2.pptx,22496,2026-08-05T11:02:48.000Z,https://drive.google.com/file/d/1peZl5Ajp5fblP2EL68Q40mtGgW-ZlJaV/view,texto e campos de todos os slides inspecionados
TPL102_KANBAN_CANTONEIRAS_Rapid20T-1_2.pptx,22490,2026-08-05T11:02:00.000Z,https://drive.google.com/file/d/1iWHEkJy8z3HP7eRbt3ijUCijq0uptdA7/view,texto e campos de todos os slides inspecionados
plan_chapa.xlsm,30144590,2026-08-05T09:09:25.000Z,https://drive.google.com/file/d/1cMYj-IoZ0wb8IlGbpm19zpW1tyApmWMf/view,estrutura e dados relevantes analisados; detalhe no relatório
Exp.chapaMTG3.xlsm,28600233,2026-08-05T09:09:13.000Z,https://drive.google.com/file/d/1BNmlyBNZxzb_u05QpTmwpNYSVXGiu4aH/view,estrutura e dados relevantes analisados; detalhe no relatório
SAIDA/app.db,97423360,2026-09-09T10:30:19.051Z,https://drive.google.com/file/d/1QtBqZUP4huG3hLlSm2NZ--Vse04KPyTH/view,"tabelas, estados e todas as linhas de produção perfilados"
SAIDA/BaseDados_Perfis_MTG2.xlsx,12141,2026-09-08T11:45:02.257Z,https://drive.google.com/file/d/1egYoq2TrawgmZLlnrqy1wuHDu1vQg0ar/view,estrutura e dados relevantes analisados; detalhe no relatório
SAIDA/BaseDados_Cantoneiras_MTG3.xlsx,36728,2026-09-08T11:45:02.066Z,https://drive.google.com/file/d/1uHx1CqleqvIdLanLld-eRRXH8EpXerkh/view,estrutura e dados relevantes analisados; detalhe no relatório
SAIDA/kit-local-before-update.patch,1571,2026-09-01T12:59:36.320Z,https://drive.google.com/file/d/1qA5NS4GIPcefnfMCKRSZQGN_ASNK0ck-/view,inventário de versão/ficheiro auxiliar
SAIDA/Kanbans_Producao_NOVO.xlsx,13045,2026-05-19T20:14:14.055Z,https://drive.google.com/file/d/1q5aS49zjhycg4XQSKoxCgANFq2JqQGXJ/view,estrutura e dados relevantes analisados; detalhe no relatório
Kanban's MTG2/18-08-2026.PDF,650925,2026-08-19T07:38:36.000Z,https://drive.google.com/file/d/1VMm_nukRMXxd2QYRLRXiEz4ZYA1yL3CS/view,todas as páginas inspecionadas visualmente
Kanban's MTG2/17-08-2026.PDF,242735,2026-08-18T07:39:31.000Z,https://drive.google.com/file/d/13FwFZQ2brHikh8nZSLR0OmppE2JvtdwJ/view,todas as páginas inspecionadas visualmente
Kanban's MTG2/14-08-2026.PDF,1267700,2026-08-17T07:24:04.000Z,https://drive.google.com/file/d/18s7zsEm5ipCkBZ7PkcsRK751PMBYoPiS/view,todas as páginas inspecionadas visualmente
Kanban's MTG3/02-09-2026.pdf,6902698,2026-09-03T06:59:47.000Z,https://drive.google.com/file/d/1v1zQBiIdLYhTEMy-tXPkkOlQebuUvlZA/view,páginas inventariadas; produção consolidada consultada; sem releitura visual integral
Kanban's MTG3/01-09-2026.pdf,8254743,2026-09-02T08:38:33.000Z,https://drive.google.com/file/d/1_52w0lDkEd73kcUL7Dz3isCoXbrYdAbe/view,páginas inventariadas; produção consolidada consultada; sem releitura visual integral
Kanban's MTG3/31-08-2026.pdf,8667415,2026-09-01T08:18:07.000Z,https://drive.google.com/file/d/1sum_s7pc9XAtMv8ZvbWzuiS3zw8oTupu/view,páginas inventariadas; produção consolidada consultada; sem releitura visual integral
Kanban's MTG3/30-08-2026.pdf,1482804,2026-08-31T08:41:12.000Z,https://drive.google.com/file/d/1dDf2MzXfn1Yu1cnMNbFKf4CMLYpXn1wl/view,páginas inventariadas; produção consolidada consultada; sem releitura visual integral
Kanban's MTG3/29-08-2026.pdf,2445473,2026-08-31T08:41:00.000Z,https://drive.google.com/file/d/1_BYbjZlHCr-5EWNF6PuLMv-XFPzgB8gR/view,páginas inventariadas; produção consolidada consultada; sem releitura visual integral
Kanban's MTG3/28-08-2026.pdf,4779796,2026-08-31T08:36:39.000Z,https://drive.google.com/file/d/1Q0TlDcqqeCvXvGCLvHrxQl2OMbIsCabI/view,páginas inventariadas; produção consolidada consultada; sem releitura visual integral
Kanban's MTG3/27-08-2026.pdf,4856517,2026-08-28T08:20:49.000Z,https://drive.google.com/file/d/1ZmuDLpQtSrv_XsGdg2EFA8-gZTUKmpt_/view,páginas inventariadas; produção consolidada consultada; sem releitura visual integral
Kanban's MTG3/26-08-2026.pdf,6905528,2026-08-27T07:36:29.000Z,https://drive.google.com/file/d/1rZiQZfRBTgXC1bUMZJBonWqWzHXp88KM/view,páginas inventariadas; produção consolidada consultada; sem releitura visual integral
Kanban's MTG3/25-08-2026.pdf,4060124,2026-08-26T08:07:02.000Z,https://drive.google.com/file/d/1HdGzWB47BljjBD29m5wwVneSjpMEYBHF/view,páginas inventariadas; produção consolidada consultada; sem releitura visual integral
Kanban's MTG3/24-08-2026.pdf,3115226,2026-08-25T09:21:08.000Z,https://drive.google.com/file/d/1_rAQO1-C-ByO1awwhABCdxhCvMreR-TN/view,páginas inventariadas; produção consolidada consultada; sem releitura visual integral
Kanban's MTG3/23-08-2026.pdf,2337300,2026-08-24T08:14:33.000Z,https://drive.google.com/file/d/11DMOX6i0pwLXFHykYSCjwREzHP4aDEnN/view,páginas inventariadas; produção consolidada consultada; sem releitura visual integral
Kanban's MTG3/22-08-2026.pdf,2495249,2026-08-24T08:14:19.000Z,https://drive.google.com/file/d/1y1DLBD_P8IN8clkSzncnn17RxEmC7Ua5/view,páginas inventariadas; produção consolidada consultada; sem releitura visual integral
Kanban's MTG3/21-08-2026.pdf,6568247,2026-08-24T08:14:04.000Z,https://drive.google.com/file/d/1Qhk7Z9GQaNIhibWyJmiOlQdDqzypHhF4/view,páginas inventariadas; produção consolidada consultada; sem releitura visual integral
Kanban's MTG3/20-08-2026.pdf,7792502,2026-08-21T08:01:04.000Z,https://drive.google.com/file/d/1t_sJFK1eeONlj6zuS4mJ2h_scI1zWWKz/view,páginas inventariadas; produção consolidada consultada; sem releitura visual integral
Kanban's MTG3/19-08-2026.pdf,8606071,2026-08-20T08:05:20.000Z,https://drive.google.com/file/d/1zr2Mp78UksGl-YMxShSxWzVZCiYrbQ2F/view,páginas inventariadas; produção consolidada consultada; sem releitura visual integral
Kanban's MTG3/18-08-2026.PDF,4319733,2026-08-19T07:54:50.000Z,https://drive.google.com/file/d/1WTVGmL8jrFkXj1Vrjoc95y7Fu6eSfKPW/view,páginas inventariadas; produção consolidada consultada; sem releitura visual integral
Kanban's MTG3/11-08-2026_Rapid 20t 1_2.PDF,2921957,2026-08-12T08:37:33.000Z,https://drive.google.com/file/d/1l9bJ3YNYyWjsvpVdgz8kVBXEfVGIDHC3/view,páginas inventariadas; produção consolidada consultada; sem releitura visual integral
Kanban's MTG3/10-08-2026_Rapid 20t 1_2.PDF,3253819,2026-08-11T08:22:03.000Z,https://drive.google.com/file/d/1rzk8e7g_orZDEWbKn034h8-9_bi8EDyb/view,páginas inventariadas; produção consolidada consultada; sem releitura visual integral
Kanban's MTG3/09-08-2026_Rapid 20t 1_2.PDF,1307699,2026-08-10T08:35:13.000Z,https://drive.google.com/file/d/18g7F6xwiuZMGLkMk50OB_EezATHcnInh/view,páginas inventariadas; produção consolidada consultada; sem releitura visual integral
Kanban's MTG3/08-08-2026_Rapid 20t 1_2.PDF,3297311,2026-08-10T08:35:00.000Z,https://drive.google.com/file/d/1UMq_m5Q3sTtG1jeUaq7sSMrz4hIfRqUD/view,páginas inventariadas; produção consolidada consultada; sem releitura visual integral
Kanban's MTG3/07-08-2026_Rapid 20t 1_2.PDF,3808197,2026-08-10T08:34:00.000Z,https://drive.google.com/file/d/13SrqPfj3tOaFe9fgn5JlnLA9anDf0RYu/view,páginas inventariadas; produção consolidada consultada; sem releitura visual integral
Kanban's MTG3/06-08-2026 - Rapid20T 2.pdf,1470587,2026-08-07T13:35:42.000Z,https://drive.google.com/file/d/15yfzM9wLe_R0Zb-Jn8Bqej0bH9AyMpNR/view,páginas inventariadas; produção consolidada consultada; sem releitura visual integral
Kanban's MTG3/06-08-2026 - Rapid20T 1.pdf,1477577,2026-08-07T13:35:37.000Z,https://drive.google.com/file/d/13pH_RsGzgruBEJYyFFzwEHqLru5gIiSl/view,páginas inventariadas; produção consolidada consultada; sem releitura visual integral
SAIDA/archives/kanban-mes-mtg2-dados.tar.gz,4001875,2026-08-21T00:17:35.594Z,https://drive.google.com/file/d/1rNZa47Y_WUKN97fQDZ6LHDYLDUQ8jtpV/view,inventário de versão/ficheiro auxiliar
SAIDA/archives/kanban-mes-dados.tar.gz,80305429,2026-08-21T00:17:35.014Z,https://drive.google.com/file/d/1O2eQm1zcL5HoQDA0-GYeM8SOKJ57a1qN/view,inventário de versão/ficheiro auxiliar
SAIDA/backups/kanban-mes-mtg2/app-20260909-123002.db,1019904,2026-09-09T11:30:03.146Z,https://drive.google.com/file/d/1Hwe0ejQ3WxU90Xey-PxIZEG_fwiJiDyK/view,backup mais recente lido; folhas validadas reconciliadas com PostgreSQL
SAIDA/backups/kanban-mes-mtg2/app-20260908-123002.db,1019904,2026-09-08T11:30:02.944Z,https://drive.google.com/file/d/11ZbRbJe_MUDj1NyNwYWA7xkpe0qU7Ni0/view,inventário de versão/ficheiro auxiliar
SAIDA/backups/kanban-mes-mtg2/app-20260908-063001.db,880640,2026-09-08T05:30:02.500Z,https://drive.google.com/file/d/1YgB3FJXDcmFxLkyS0ei1xF8rv3dfdA1r/view,inventário de versão/ficheiro auxiliar
SAIDA/backups/kanban-mes-mtg2/app-20260907-123002.db,663552,2026-09-07T11:30:03.014Z,https://drive.google.com/file/d/1hzqAPDtNYvcEa5aZXACc7aEyl9I48-fr/view,inventário de versão/ficheiro auxiliar
SAIDA/backups/kanban-mes-mtg2/app-20260907-063002.db,663552,2026-09-07T05:30:03.215Z,https://drive.google.com/file/d/1QOP9XntzZIiYXIoOg-o9nBT_bYv27EsG/view,inventário de versão/ficheiro auxiliar
SAIDA/backups/kanban-mes-mtg2/app-20260906-123002.db,663552,2026-09-06T11:30:02.880Z,https://drive.google.com/file/d/1yYEmTLlZBOetG6Z8h3sbTpqzPJytdNE_/view,inventário de versão/ficheiro auxiliar
SAIDA/backups/kanban-mes-mtg2/app-20260906-063002.db,663552,2026-09-06T05:30:03.218Z,https://drive.google.com/file/d/1lAg1LXGOAIE0GDbQsWiTuaWbD-NK2-Rq/view,inventário de versão/ficheiro auxiliar
SAIDA/backups/kanban-mes-mtg2/app-20260905-123002.db,663552,2026-09-05T11:30:03.187Z,https://drive.google.com/file/d/1lgRWLbMT2tU1dO0I60V7hjQtt7yrLpGx/view,inventário de versão/ficheiro auxiliar
SAIDA/backups/kanban-mes-mtg2/app-20260905-063002.db,663552,2026-09-05T05:30:03.105Z,https://drive.google.com/file/d/1h2dg9NlEWOh8RTdHmPWuJMdtiLWNh4mS/view,inventário de versão/ficheiro auxiliar
SAIDA/backups/kanban-mes-mtg2/app-20260904-123002.db,643072,2026-09-04T11:30:02.912Z,https://drive.google.com/file/d/1r_kWB2pQLX5Y3QOhvjh3lR344EcP0y2w/view,inventário de versão/ficheiro auxiliar
SAIDA/backups/kanban-mes-mtg2/app-20260904-063002.db,417792,2026-09-04T05:30:03.189Z,https://drive.google.com/file/d/1MsxaJmHEukcYPW636VdItL86txMiKDrd/view,inventário de versão/ficheiro auxiliar
SAIDA/backups/kanban-mes-mtg2/app-20260903-123002.db,417792,2026-09-03T11:30:03.212Z,https://drive.google.com/file/d/1cER-GfgIzBSjLTl00GvuDhgZ3DNQupCQ/view,inventário de versão/ficheiro auxiliar
SAIDA/backups/kanban-mes-mtg2/app-20260903-063002.db,401408,2026-09-03T05:30:03.292Z,https://drive.google.com/file/d/1cQrIkWcswp0Fb2_JFX9r-oQ7lDzqJK6q/view,inventário de versão/ficheiro auxiliar
SAIDA/backups/kanban-mes-mtg2/app-20260902-230304.db,401408,2026-09-02T22:03:04.947Z,https://drive.google.com/file/d/1ChPA_CT-2G9bzXF6UB7gtmbpueeWRoEU/view,inventário de versão/ficheiro auxiliar
SAIDA/backups/kanban-mes-mtg2/app-20260902-225846.db,401408,2026-09-02T21:58:47.288Z,https://drive.google.com/file/d/17QQjIQq-wlvh1WYWwkFl6UrQ5F_7jf-6/view,inventário de versão/ficheiro auxiliar
SAIDA/backups/kanban-mes-mtg2/app-20260902-123002.db,380928,2026-09-02T11:30:02.907Z,https://drive.google.com/file/d/1x88bMKc_wIho2mk9vUCdqizgPziJaPqS/view,inventário de versão/ficheiro auxiliar
SAIDA/backups/kanban-mes-mtg2/app-20260902-063002.db,352256,2026-09-02T05:30:03.312Z,https://drive.google.com/file/d/1TLiwPq9J5CgRsckofZU9vUKYkCk-DKIH/view,inventário de versão/ficheiro auxiliar
SAIDA/backups/kanban-mes-mtg2/app-20260901-153849.db,352256,2026-09-01T14:38:50.361Z,https://drive.google.com/file/d/1dgVlNJ_VQM3kHsG7LzSFVzbvu48YJgqp/view,inventário de versão/ficheiro auxiliar
SAIDA/backups/kanban-mes-mtg2/app-20260901-1357.db-wal,0,2026-09-01T13:01:20.924Z,https://drive.google.com/file/d/1WOjKUiHSJV7JFn6oEMAMcxdW8R31pp8d/view,inventário de versão/ficheiro auxiliar
SAIDA/backups/kanban-mes-mtg2/app-20260901-1357.db-shm,32768,2026-09-01T13:01:20.924Z,https://drive.google.com/file/d/1iUtRTdgIPBFSXOk3e2YLs2alYMOMtsvL/view,inventário de versão/ficheiro auxiliar
SAIDA/backups/kanban-mes-mtg2/app-20260901-1357.db,331776,2026-09-01T12:57:24.235Z,https://drive.google.com/file/d/1dBk2r9S0VTaj0iaEO1BvtLulZasD01XL/view,inventário de versão/ficheiro auxiliar
SAIDA/backups/kanban-mes-mtg2/app-20260901-1230.db,319488,2026-09-01T11:30:02.680Z,https://drive.google.com/file/d/1RQJARY2KhdkkCJnzvbR2GiPy1UcPif4J/view,inventário de versão/ficheiro auxiliar
SAIDA/backups/kanban-mes-mtg2/app-20260901-0630.db,303104,2026-09-01T05:30:03.093Z,https://drive.google.com/file/d/18j5tanq05j-YC2ppFg4t3BS_HcO9VOmC/view,inventário de versão/ficheiro auxiliar
SAIDA/backups/kanban-mes-mtg2/app-20260831-1230.db,294912,2026-08-31T11:30:02.633Z,https://drive.google.com/file/d/1Je6YfaaETi8QBBF9qBRckYwUJbShYeWm/view,inventário de versão/ficheiro auxiliar
SAIDA/backups/kanban-mes-mtg2/app-20260831-0630.db,294912,2026-08-31T05:30:03.004Z,https://drive.google.com/file/d/1qb4RKgCV6Ivl3wq2LbBgB55ifm-9z9qY/view,inventário de versão/ficheiro auxiliar
SAIDA/backups/kanban-mes-mtg2/app-20260830-2342.db,294912,2026-08-30T22:42:52.104Z,https://drive.google.com/file/d/1e_wnJCZhIsmxc0OUVTHTc6Tr5XioxKgK/view,inventário de versão/ficheiro auxiliar
SAIDA/backups/kanban-mes-mtg2/app-20260830-1230.db,294912,2026-08-30T11:30:02.523Z,https://drive.google.com/file/d/1k7-RVoORgnKGszeKEfmL7UHbi9ACEf6Z/view,inventário de versão/ficheiro auxiliar
SAIDA/backups/kanban-mes-mtg2/app-20260830-0630.db,294912,2026-08-30T05:30:02.760Z,https://drive.google.com/file/d/1UDTV50VF9qoM2rH7SouMByU9ZKKQsMOF/view,inventário de versão/ficheiro auxiliar
SAIDA/backups/kanban-mes-mtg2/app-20260829-1230.db,294912,2026-08-29T11:30:02.390Z,https://drive.google.com/file/d/1RKUlMaNFLRqVuRMM5Hl8XzFpfmr8PmVZ/view,inventário de versão/ficheiro auxiliar
SAIDA/backups/kanban-mes-mtg2/app-20260829-0630.db,294912,2026-08-29T05:30:02.757Z,https://drive.google.com/file/d/1tX3RapaHe8VB04889UeL0Z9Y-4GdpEsV/view,inventário de versão/ficheiro auxiliar
SAIDA/backups/kanban-mes-mtg2/app-20260828-1230.db,258048,2026-08-28T11:30:02.383Z,https://drive.google.com/file/d/1mHqfvsrdKXAcsN8aM-g3GOVVwRxKc7O2/view,inventário de versão/ficheiro auxiliar
SAIDA/backups/kanban-mes-mtg2/app-20260828-1143.db,258048,2026-08-28T10:43:41.334Z,https://drive.google.com/file/d/14FR_T5VspZqfEdmceowVayhY7I7rze5M/view,inventário de versão/ficheiro auxiliar
SAIDA/backups/kanban-mes-mtg2/app-20260828-0630.db,249856,2026-08-28T05:30:02.745Z,https://drive.google.com/file/d/1GeZ5QY5wstKOOQ7vd-pZ7i4hM4QNVpNH/view,inventário de versão/ficheiro auxiliar
SAIDA/backups/kanban-mes-mtg2/app-20260827-1230.db,249856,2026-08-27T11:30:02.767Z,https://drive.google.com/file/d/1N4ATruN1N6Tx0_6miVJeqo60wxnyMHx0/view,inventário de versão/ficheiro auxiliar
SAIDA/backups/kanban-mes-mtg2/app-20260827-0630.db,249856,2026-08-27T05:30:02.740Z,https://drive.google.com/file/d/1yVJtYUaEvD4Yda2EbrypuwhZDl5seWK_/view,inventário de versão/ficheiro auxiliar
SAIDA/backups/kanban-mes-mtg2/app-20260826-2342.db,249856,2026-08-26T22:42:52.241Z,https://drive.google.com/file/d/14IZEq7-lYcBCRihPUplvPcMc-rrehnfE/view,inventário de versão/ficheiro auxiliar
SAIDA/backups/kanban-mes-mtg2/app-20260826-1557.db,249856,2026-08-26T14:57:56.906Z,https://drive.google.com/file/d/1CtLwhKUncH5bJ-jqDFwIdJWOyNeCoL-j/view,inventário de versão/ficheiro auxiliar
SAIDA/backups/kanban-mes-mtg2/app-20260826-1500.db,249856,2026-08-26T14:00:27.158Z,https://drive.google.com/file/d/1Kb98F5hcQHyY3Xk0T5tSA_Y62vJVZjsH/view,inventário de versão/ficheiro auxiliar
SAIDA/backups/kanban-mes-mtg2/app-20260826-1457.db,249856,2026-08-26T13:57:55.491Z,https://drive.google.com/file/d/1SPSYFCbvGgqmlnW6psEYLZu237h0IqgD/view,inventário de versão/ficheiro auxiliar
SAIDA/backups/kanban-mes/app-20260909-123002.db,12664832,2026-09-09T11:30:02.749Z,https://drive.google.com/file/d/1HoXqMhEW6lmA93YsUeiuHP6n_FSbI79h/view,inventário de versão/ficheiro auxiliar
SAIDA/backups/kanban-mes/app-20260908-123002.db,12619776,2026-09-08T11:30:02.562Z,https://drive.google.com/file/d/1qufQaQb1jrOB-fzLBPc5V_POgdRzsqn1/view,inventário de versão/ficheiro auxiliar
SAIDA/backups/kanban-mes/app-20260908-063001.db,12619776,2026-09-08T05:30:02.005Z,https://drive.google.com/file/d/1vzIffpcp4Qi06tChrIrnQZ6wTTUJUFoF/view,inventário de versão/ficheiro auxiliar
SAIDA/backups/kanban-mes/app-20260907-123002.db,12619776,2026-09-07T11:30:02.533Z,https://drive.google.com/file/d/1ikc4aXO2NwstsLRyiHExQrTqsnR5VHoh/view,inventário de versão/ficheiro auxiliar
SAIDA/backups/kanban-mes/app-20260907-063002.db,12619776,2026-09-07T05:30:02.848Z,https://drive.google.com/file/d/1W-xL58YF80yUSLyebLYOL-sB0mcptnAc/view,inventário de versão/ficheiro auxiliar
SAIDA/backups/kanban-mes/app-20260906-123002.db,12619776,2026-09-06T11:30:02.563Z,https://drive.google.com/file/d/1D6tFmnYBcd_RRWNUHUmDNOPV4kcUjgls/view,inventário de versão/ficheiro auxiliar
SAIDA/backups/kanban-mes/app-20260906-063002.db,12619776,2026-09-06T05:30:02.836Z,https://drive.google.com/file/d/18JlKRd071cV2x03Z0xhUkFl9M24kLiWU/view,inventário de versão/ficheiro auxiliar
SAIDA/backups/kanban-mes/app-20260905-123002.db,12619776,2026-09-05T11:30:02.790Z,https://drive.google.com/file/d/1UpGZXShT7SvoSxIyP2ASwBh1Oy1qvTQf/view,inventário de versão/ficheiro auxiliar
SAIDA/backups/kanban-mes/app-20260905-063002.db,10133504,2026-09-05T05:30:02.771Z,https://drive.google.com/file/d/1mDVcaHpwXG4yQDkxdML_lWodiG9oIOts/view,inventário de versão/ficheiro auxiliar
SAIDA/backups/kanban-mes/app-20260904-123002.db,10133504,2026-09-04T11:30:02.513Z,https://drive.google.com/file/d/1xI6Z-JHFfum-54R_KjyyTEM_0wVG8VY9/view,inventário de versão/ficheiro auxiliar
SAIDA/backups/kanban-mes/app-20260904-063002.db,10133504,2026-09-04T05:30:02.791Z,https://drive.google.com/file/d/15j1iA9QJ1Avx-hEnmjQ6s7Aw0H0RJP2y/view,inventário de versão/ficheiro auxiliar
SAIDA/backups/kanban-mes/app-20260903-123002.db,10133504,2026-09-03T11:30:02.798Z,https://drive.google.com/file/d/1VBJw0T83Lxw0vBuoZ7gkr_-rqTeqN1w_/view,inventário de versão/ficheiro auxiliar
SAIDA/backups/kanban-mes/app-20260903-063002.db,10133504,2026-09-03T05:30:02.830Z,https://drive.google.com/file/d/1J7a8X9JjH1oWOGY1or7xR2XknUbWZwNi/view,inventário de versão/ficheiro auxiliar
SAIDA/backups/kanban-mes/app-20260902-230304.db,10133504,2026-09-02T22:03:04.597Z,https://drive.google.com/file/d/1a12LaAnJ0LIb2fNhOq1wR3HNBQcDO1ZC/view,inventário de versão/ficheiro auxiliar
SAIDA/backups/kanban-mes/app-20260902-225846.db,10133504,2026-09-02T21:58:46.862Z,https://drive.google.com/file/d/1Au4dIzJhs3TCVylNs8rWUqPNlRc-Bx78/view,inventário de versão/ficheiro auxiliar
SAIDA/backups/kanban-mes/app-20260902-123002.db,10092544,2026-09-02T11:30:02.557Z,https://drive.google.com/file/d/1cJzF9MdWkox8SfATPQxwW8dpmWubLlXo/view,inventário de versão/ficheiro auxiliar
SAIDA/backups/kanban-mes/app-20260902-063002.db,9506816,2026-09-02T05:30:02.900Z,https://drive.google.com/file/d/1jrfTXUdv1gsnmWBZkG731BIDAmOat4NE/view,inventário de versão/ficheiro auxiliar
SAIDA/backups/kanban-mes/app-20260901-153849.db,6905856,2026-09-01T14:38:50.006Z,https://drive.google.com/file/d/1IxFxV2CI63hNXdrRZutAAEY6BKA6CzTy/view,inventário de versão/ficheiro auxiliar
SAIDA/backups/kanban-mes/app-20260901-1357.db-shm,32768,2026-09-01T13:01:20.829Z,https://drive.google.com/file/d/1HMtvI2ZmniRKgaa7_qVD2YSUsaUAdygo/view,inventário de versão/ficheiro auxiliar
SAIDA/backups/kanban-mes/app-20260901-1357.db-wal,0,2026-09-01T13:01:20.829Z,https://drive.google.com/file/d/1UmRSgmfpZm1s33W1iDRD02XLE4AMY2Ha/view,inventário de versão/ficheiro auxiliar
SAIDA/backups/kanban-mes/app-20260901-1357.db,6844416,2026-09-01T12:57:24.011Z,https://drive.google.com/file/d/19tM39mUScFDPfGJ-JQ1SvNws66N9QHbD/view,inventário de versão/ficheiro auxiliar
SAIDA/backups/kanban-mes/app-20260901-1230.db,6844416,2026-09-01T11:30:02.401Z,https://drive.google.com/file/d/1x2hz9oZosEFdxiP8rRNhmavM6OlSpIBI/view,inventário de versão/ficheiro auxiliar
SAIDA/backups/kanban-mes/app-20260901-0630.db,6803456,2026-09-01T05:30:02.780Z,https://drive.google.com/file/d/1ScRx3Z6VRNxhvPHFyP1hu0J71grzXyoX/view,inventário de versão/ficheiro auxiliar
SAIDA/backups/kanban-mes/app-20260831-1230.db,5296128,2026-08-31T11:30:02.410Z,https://drive.google.com/file/d/1pVoI7b36DthZGfsuXmONYyAvQ_eiKomE/view,inventário de versão/ficheiro auxiliar
SAIDA/backups/kanban-mes/app-20260831-0630.db,5296128,2026-08-31T05:30:02.700Z,https://drive.google.com/file/d/1DHn-xquxafPlM29uQt1B0gLaP5WjFMD6/view,inventário de versão/ficheiro auxiliar
SAIDA/backups/kanban-mes/app-20260830-2342.db,5279744,2026-08-30T22:42:51.913Z,https://drive.google.com/file/d/16UwJdeeUSaeF1gHIHQ32fVxutEQ7-V8s/view,inventário de versão/ficheiro auxiliar
SAIDA/backups/kanban-mes/app-20260830-1230.db,5279744,2026-08-30T11:30:02.379Z,https://drive.google.com/file/d/1WXp6z4YwWeqSF7LKHs_5uxLtoxN1W6o5/view,inventário de versão/ficheiro auxiliar
SAIDA/backups/kanban-mes/app-20260830-0630.db,5279744,2026-08-30T05:30:02.609Z,https://drive.google.com/file/d/1K7cSEPYueiHox40ECm7-bz9Wsvh7yvSx/view,inventário de versão/ficheiro auxiliar
SAIDA/backups/kanban-mes/app-20260829-1230.db,5279744,2026-08-29T11:30:02.291Z,https://drive.google.com/file/d/1daFSyQHgZ4_0XNrEBkx9Gq1LnqAut56w/view,inventário de versão/ficheiro auxiliar
SAIDA/backups/kanban-mes/app-20260829-0630.db,5279744,2026-08-29T05:30:02.605Z,https://drive.google.com/file/d/1l0rDBcAeYbwuNin3JMa8hsW5uSMjub7Q/view,inventário de versão/ficheiro auxiliar
SAIDA/backups/kanban-mes/app-20260828-1230.db,5279744,2026-08-28T11:30:02.271Z,https://drive.google.com/file/d/15a_4lTgUxm3hbPbSXwjKwWAF8iS70s60/view,inventário de versão/ficheiro auxiliar
SAIDA/backups/kanban-mes/app-20260828-1143.db,5279744,2026-08-28T10:43:41.223Z,https://drive.google.com/file/d/1oOdAUKD4xK38zxcmabnahTYGOJiV4RTY/view,inventário de versão/ficheiro auxiliar
SAIDA/backups/kanban-mes/app-20260828-0630.db,4292608,2026-08-28T05:30:02.571Z,https://drive.google.com/file/d/1oAOGMlnh12_GfrF_Q2npUkBHx0N_bFj3/view,inventário de versão/ficheiro auxiliar
SAIDA/backups/kanban-mes/app-20260827-1230.db,4292608,2026-08-27T11:30:02.611Z,https://drive.google.com/file/d/1KvzEyJpy4TMaSOzCBRyEu0aWYkRKe3XJ/view,inventário de versão/ficheiro auxiliar
SAIDA/backups/kanban-mes/app-20260827-0630.db,4292608,2026-08-27T05:30:02.565Z,https://drive.google.com/file/d/12Fvi3WP2RcK2RFbBbTm635EskwpztiBU/view,inventário de versão/ficheiro auxiliar
SAIDA/backups/kanban-mes/app-20260826-2342.db,4292608,2026-08-26T22:42:52.130Z,https://drive.google.com/file/d/1TCegpPb1mG2nEJqwuf8MbA2OjQURvTSM/view,inventário de versão/ficheiro auxiliar
SAIDA/backups/kanban-mes/app-20260826-1557.db,4292608,2026-08-26T14:57:56.796Z,https://drive.google.com/file/d/1QAA3gO2W_5lwVxFiAig9iAF8iKwA1zek/view,inventário de versão/ficheiro auxiliar
SAIDA/backups/kanban-mes/app-20260826-1500.db,4292608,2026-08-26T14:00:27.045Z,https://drive.google.com/file/d/1HKGUj-X-T0NusICgV8idBxjdS23skl2r/view,inventário de versão/ficheiro auxiliar
SAIDA/backups/kanban-mes/app-20260826-1457.db,4292608,2026-08-26T13:57:55.375Z,https://drive.google.com/file/d/1rGWt6SUZN0mUEWLxGXYJNa_aM2nAys_J/view,inventário de versão/ficheiro auxiliar
