area,familia_sku,estado,linhas_ativas,ofs_ativas,referencias_ativas,linhas_com_saldo_principal_positivo,linhas_com_saldo_principal_desconhecido,linhas_com_saldo_principal_zero,horas_principais_documentais_conhecidas,linhas_positivas_com_horas,linhas_positivas_sem_horas,linhas_positivas_com_corte_passado,linhas_positivas_sem_data_corte,linhas_positivas_com_corte_ate_14_dias,linhas_positivas_sem_maquina,linhas_positivas_com_saldo_provisorio,linhas_positivas_com_picking,linhas_positivas_com_ano_picking
perfis,Sem familia SKU,sem_catalogo,1209,271,956,1169,0,40,1454.4048,671,498,587,32,385,419,1145,251,0
cantoneiras,0979,codigo_de_projeto_por_confirmar,2,2,2,0,2,0,0,0,0,0,0,0,0,0,0,0
cantoneiras,1234,codigo_de_projeto_por_confirmar,140,4,43,140,0,0,0,0,140,0,0,43,140,140,0,0
cantoneiras,24,codigo_de_projeto_por_confirmar,67,1,67,63,4,0,7.414,63,0,63,0,0,0,63,0,0
cantoneiras,36,codigo_de_projeto_por_confirmar,57,1,57,55,0,2,10.6867,55,0,55,0,0,0,54,0,0
cantoneiras,5877,codigo_de_projeto_por_confirmar,99,3,98,99,0,0,86.5135,99,0,1,0,3,0,99,0,0
cantoneiras,6647,codigo_de_projeto_por_confirmar,16,2,8,16,0,0,5.2968,16,0,8,0,8,0,16,0,0
cantoneiras,7152,codigo_de_projeto_por_confirmar,137,1,137,137,0,0,0,0,137,0,0,0,137,137,0,0
cantoneiras,7355,codigo_de_projeto_por_confirmar,8,1,8,8,0,0,2.5749,8,0,0,0,8,0,8,0,0
cantoneiras,8072,codigo_de_projeto_por_confirmar,1,1,1,0,1,0,0,0,0,0,0,0,0,0,0,0
cantoneiras,A,prefixo_demasiado_generico,1,1,1,0,1,0,0,0,0,0,0,0,0,0,0,0
cantoneiras,A10,candidata_por_confirmar,72,3,68,65,7,0,0,0,65,0,0,65,65,65,0,0
cantoneiras,A21,candidata_por_confirmar,82,2,82,82,0,0,5.4034,7,75,0,0,82,75,82,0,0
cantoneiras,A4,candidata_por_confirmar,11,2,9,0,11,0,0,0,0,0,0,0,0,0,0,0
cantoneiras,A6,candidata_por_confirmar,16,1,16,16,0,0,4.8306,16,0,0,0,0,16,16,0,0
cantoneiras,AB,candidata_por_confirmar,30,2,19,30,0,0,0,0,30,11,0,19,30,30,0,0
cantoneiras,CA,candidata_por_confirmar,1,1,1,1,0,0,0.0435,1,0,0,0,1,0,1,0,0
cantoneiras,CA22,forte_padrao_e_varias_of,4,1,4,4,0,0,0.4302,4,0,4,0,0,0,4,0,0
cantoneiras,CA24,candidata_por_confirmar,1,1,1,0,1,0,0,0,0,0,0,0,0,0,0,0
cantoneiras,CA6,candidata_por_confirmar,1,1,1,1,0,0,0.019,1,0,0,0,1,0,1,0,0
cantoneiras,CA63,forte_padrao_e_varias_of,21,1,21,21,0,0,5.5722,21,0,0,0,21,0,21,0,0
cantoneiras,CD05,candidata_por_confirmar,3,1,3,3,0,0,3.7017,3,0,3,0,0,0,3,0,0
cantoneiras,CD10,candidata_por_confirmar,6,6,1,2,4,0,1.611,2,0,0,0,2,0,2,0,0
cantoneiras,CDPTM,candidata_por_confirmar,3,3,1,0,3,0,0,0,0,0,0,0,0,0,0,0
cantoneiras,CF,candidata_por_confirmar,65,23,3,65,0,0,0.9856,4,61,26,33,3,61,65,0,0
cantoneiras,CR10,candidata_por_confirmar,1,1,1,0,1,0,0,0,0,0,0,0,0,0,0,0
cantoneiras,CWA,forte_padrao_e_varias_of,527,2,284,455,0,72,172.1561,177,278,455,0,0,278,449,0,0
cantoneiras,CWR,forte_padrao_e_varias_of,624,2,321,624,0,0,34.5394,315,309,624,0,0,624,624,0,0
cantoneiras,CWS,forte_padrao_e_varias_of,232,1,232,232,0,0,0,0,232,232,0,0,232,232,0,0
cantoneiras,CWT,forte_padrao_e_varias_of,210,2,208,197,0,13,0.1323,2,195,197,0,0,195,197,0,0
cantoneiras,D13,candidata_por_confirmar,40,3,40,32,0,8,86.908,30,2,0,30,0,2,32,0,0
cantoneiras,D32,candidata_por_confirmar,136,2,136,136,0,0,0,0,136,0,136,0,136,136,0,0
cantoneiras,D4,candidata_por_confirmar,70,6,13,67,0,3,18.3119,19,48,0,0,0,48,67,0,0
cantoneiras,D8,candidata_por_confirmar,45,2,45,39,2,4,3.1477,39,0,0,39,0,0,39,0,0
cantoneiras,DLA,forte_padrao_e_varias_of,1358,9,705,1329,2,27,15.3856,77,1252,721,0,352,1252,1329,0,0
cantoneiras,DLR,forte_padrao_e_varias_of,430,5,404,426,1,3,0,0,426,129,297,0,426,426,0,0
cantoneiras,DLS,forte_padrao_e_varias_of,309,3,275,305,0,4,28.9252,72,233,72,233,0,233,305,0,0
cantoneiras,DLT,forte_padrao_e_varias_of,1716,18,584,1659,10,47,103.9334,347,1312,1288,290,40,1312,1659,0,0
cantoneiras,E,prefixo_demasiado_generico,58,3,48,58,0,0,0,0,58,58,0,0,58,58,0,0
cantoneiras,EA10,candidata_por_confirmar,30,2,29,29,1,0,0,0,29,0,0,29,29,29,0,0
cantoneiras,EA12,candidata_por_confirmar,3,2,2,0,3,0,0,0,0,0,0,0,0,0,0,0
cantoneiras,EA21,candidata_por_confirmar,52,2,52,52,0,0,5.9596,5,47,0,0,52,47,52,0,0
cantoneiras,EA4,candidata_por_confirmar,5,2,5,0,5,0,0,0,0,0,0,0,0,0,0,0
cantoneiras,ED13,candidata_por_confirmar,52,3,51,43,0,9,222.3888,42,1,0,42,0,1,43,0,0
cantoneiras,ED32,candidata_por_confirmar,68,1,68,68,0,0,0,0,68,0,68,0,68,68,0,0
cantoneiras,ED4,candidata_por_confirmar,819,8,176,782,8,29,421.5983,238,544,0,0,0,544,777,0,0
cantoneiras,ED8,candidata_por_confirmar,70,1,70,60,0,10,6.5895,60,0,0,60,0,0,60,0,0
cantoneiras,EG,candidata_por_confirmar,271,2,267,271,0,0,0,0,271,0,271,0,271,271,0,0
cantoneiras,ELT,forte_padrao_e_varias_of,248,1,248,248,0,0,0,0,248,248,0,0,248,248,0,0
cantoneiras,EPH,candidata_por_confirmar,1,1,1,1,0,0,0.4343,1,0,0,0,0,0,1,0,0
cantoneiras,EPJ23,candidata_por_confirmar,64,3,64,64,0,0,0,0,64,0,0,40,64,64,0,0
cantoneiras,G,prefixo_demasiado_generico,456,3,225,456,0,0,0.6853,10,446,456,0,0,446,456,0,0
cantoneiras,G4,forte_padrao_e_varias_of,151,2,151,151,0,0,17.4018,151,0,151,0,0,0,151,0,0
cantoneiras,HG,candidata_por_confirmar,258,2,258,258,0,0,0,0,258,26,232,0,258,258,0,0
cantoneiras,IA,candidata_por_confirmar,210,1,210,210,0,0,0,0,210,210,0,0,210,210,0,0
cantoneiras,IR,candidata_por_confirmar,40,1,40,40,0,0,3.307,40,0,40,0,0,0,40,0,0
cantoneiras,IT,candidata_por_confirmar,245,1,245,240,0,5,184.4194,240,0,240,0,0,0,240,0,0
cantoneiras,J,prefixo_demasiado_generico,236,1,236,236,0,0,0,0,236,236,0,0,236,236,0,0
cantoneiras,JG,candidata_por_confirmar,238,1,238,238,0,0,0,0,238,0,238,0,238,238,0,0
cantoneiras,M,prefixo_demasiado_generico,966,4,966,692,274,0,70.6925,416,276,692,0,0,276,692,0,0
cantoneiras,M2,confirmada_pelo_utilizador,395,3,395,377,18,0,68.7349,372,5,377,0,0,5,377,0,0
cantoneiras,MG,candidata_por_confirmar,116,2,58,116,0,0,0,0,116,116,0,0,116,116,0,0
cantoneiras,PA23,candidata_por_confirmar,5,2,4,5,0,0,7.5272,5,0,0,0,5,0,5,0,0
cantoneiras,PA3,forte_padrao_e_uma_of,15,1,15,15,0,0,168.3799,15,0,0,0,15,0,15,0,0
cantoneiras,QA,forte_padrao_e_varias_of,222,2,222,222,0,0,0,0,222,0,198,0,222,222,0,0
cantoneiras,QR,forte_padrao_e_varias_of,274,2,252,274,0,0,0,0,274,23,251,0,274,274,0,0
cantoneiras,QS,forte_padrao_e_varias_of,1,1,1,1,0,0,0.3495,1,0,0,1,0,0,1,0,0
cantoneiras,QT,forte_padrao_e_varias_of,732,6,252,699,0,33,10.9221,46,653,46,636,0,653,699,0,0
cantoneiras,QTD,candidata_por_confirmar,27,3,9,27,0,0,0,0,27,0,27,0,27,27,0,0
cantoneiras,Sem familia SKU,sem_familia,40,21,15,40,0,0,1.648,11,29,17,11,10,29,40,0,0
cantoneiras,T,prefixo_demasiado_generico,43,4,42,42,1,0,3.2303,25,17,25,1,0,17,42,0,0
cantoneiras,T336,candidata_por_confirmar,1,1,1,1,0,0,0,0,1,0,0,0,1,1,0,0
cantoneiras,TL,candidata_por_confirmar,18,3,6,12,6,0,0,0,12,6,0,6,12,12,0,0
cantoneiras,TUAA,candidata_por_confirmar,710,5,142,284,426,0,0,0,284,0,142,0,284,284,0,0
cantoneiras,TUAB,candidata_por_confirmar,460,5,92,184,276,0,0,0,184,0,92,0,184,184,0,0
cantoneiras,V,prefixo_demasiado_generico,53,3,34,34,19,0,0,0,34,0,19,15,34,34,0,0
cantoneiras,W,prefixo_demasiado_generico,25,1,25,25,0,0,12.0397,25,0,25,0,0,0,25,0,0
cantoneiras,WZ,candidata_por_confirmar,7,1,7,7,0,0,0,0,7,0,0,7,7,7,0,0
cantoneiras,X,prefixo_demasiado_generico,10,1,10,10,0,0,0,0,10,10,0,0,10,10,0,0
cantoneiras,XZ,candidata_por_confirmar,602,1,602,602,0,0,0,0,602,602,0,0,602,602,0,0
cantoneiras,Z,prefixo_demasiado_generico,166,6,115,115,51,0,0,0,115,57,36,22,115,115,0,0
cantoneiras,ZA,candidata_por_confirmar,266,2,266,266,0,0,0,0,266,266,0,0,266,265,0,0
cantoneiras,ZD,candidata_por_confirmar,720,3,439,719,1,0,0,0,719,719,0,0,719,719,0,0
cantoneiras,ZE,candidata_por_confirmar,535,1,535,535,0,0,0,0,535,0,535,0,535,535,0,0
cantoneiras,ZF,candidata_por_confirmar,118,3,105,118,0,0,6.7566,24,94,118,0,0,94,118,0,0
cantoneiras,ZG,candidata_por_confirmar,592,2,476,588,0,4,42.5154,256,332,588,0,0,332,588,0,0
