area,maquina_indicada,linhas_ativas,ofs_ativas,referencias_ativas,linhas_com_saldo_principal_positivo,linhas_com_saldo_principal_desconhecido,linhas_com_saldo_principal_zero,horas_principais_documentais_conhecidas,linhas_positivas_com_horas,linhas_positivas_sem_horas,linhas_positivas_com_corte_passado,linhas_positivas_sem_data_corte,linhas_positivas_com_corte_ate_14_dias,linhas_positivas_sem_maquina,linhas_positivas_com_saldo_provisorio,linhas_positivas_com_picking,linhas_positivas_com_ano_picking
perfis,Sem maquina,424,89,364,419,0,5,0,0,419,158,1,178,419,416,8,0
perfis,Serrote Disco pav 1,290,79,249,290,0,0,643.844,269,21,156,0,110,0,288,165,0
perfis,Serrote Doall Pav.1,50,1,50,50,0,0,80.9278,50,0,50,0,0,0,41,0,0
perfis,Serrote Fita Thomas IS639 Pav.1,92,46,75,92,0,0,44.9037,92,0,74,0,18,0,91,42,0
perfis,Serrote MEBA IS381 Pav 3,174,47,113,173,0,1,231.5454,173,0,88,0,64,0,168,21,0
perfis,Vanguard,179,26,163,145,0,34,453.1839,87,58,61,31,15,0,141,15,0
cantoneiras,Ficep Rapid 20T -1,1063,14,1062,1057,4,2,217.1273,1057,0,913,38,11,0,1056,0,0
cantoneiras,Ficep Rapid 20T -2,510,13,418,400,0,110,105.0551,400,0,399,1,0,0,400,0,0
cantoneiras,Ficep Rapid 25T,482,12,481,460,1,21,151.0622,460,0,453,0,6,0,460,0,0
cantoneiras,Ficep XP T4,248,3,248,224,0,24,136.9289,224,0,0,112,0,0,222,0,0
cantoneiras,Ficep XP T6,237,7,220,206,8,23,113.8505,206,0,117,0,6,0,203,0,0
cantoneiras,Peddi 6,54,2,54,47,0,7,54.1306,47,0,47,0,0,0,47,0,0
cantoneiras,Peddi 8,730,21,714,636,8,86,1036.5785,636,0,492,21,61,0,630,0,0
cantoneiras,Sem maquina,13912,97,9544,12794,1118,0,39.37,331,12463,6820,3746,765,12794,12793,0,0
