of;ov_cpis;cliente_cpis;estado_cpis_importado;data_cpis_importada;pagina_indice;referencia_indice;pagina_desenho;referencia_pdf;grupo_maquina_pdf;perfil_pdf;comprimento_mm;quantidade_necessaria_pdf;qualidade_pdf;comparacao;linha_excel;perfil_excel;maquina_excel;pagina_pdf_origem
OF263785;OV2602409;TECPOLES GMBH;Em Produção;2027-01-15;1;1234.T.120;32;1234.T.120;Vanguard;UPN80;480;36;S355J2;correspondencia_unica;6963;UPN80x45;;OF263785.pdf, página 32
OF263785;OV2602409;TECPOLES GMBH;Em Produção;2027-01-15;1;1234.T.121;33;1234.T.121;Vanguard;UPN80;346;36;S355J2;correspondencia_unica;6964;UPN80x45;;OF263785.pdf, página 33
OF263785;OV2602409;TECPOLES GMBH;Em Produção;2027-01-15;1;1234.T.122;34;1234.T.122;Vanguard;UPN80;500;36;S355J2;correspondencia_unica;6965;UPN80x45;;OF263785.pdf, página 34
OF265931;OV2607672;ECLIPSE DIFFUSION;Em Aberto;2026-10-02;1;CI23JJ01;4;CI25J001;Serrote;Tubo Ø114 x 3;1200;6;S275JR;sem_linha_no_plano_importado;;;;OF265931.pdf, página 4
OF265931;OV2607672;ECLIPSE DIFFUSION;Em Aberto;2026-10-02;1;CI23JJ02;5;CI25J003;Serrote;Tubo Ø60 x 3;1760;6;S275JR;sem_linha_no_plano_importado;;;;OF265931.pdf, página 5
OF265941;OV2606537;ETF;Em Produção;2026-10-29;2;pr.3;6;pr.3;Serrote;R80;539;52;S355J2;correspondencia_unica;6932;80;;OF265941.pdf, página 6
OF265941;OV2606537;ETF;Em Produção;2026-10-29;2;pr.4;7;pr.4;Vanguard;HEB320;12450;26;S355J2;correspondencia_unica;6933;HEB320B;;OF265941.pdf, página 7
OF265941;OV2606537;ETF;Em Produção;2026-10-29;2;pr.5;8;pr.5;Vanguard;HEB320;12450;26;S355J2;correspondencia_unica;6934;HEB320B;;OF265941.pdf, página 8
OF265941;OV2606537;ETF;Em Produção;2026-10-29;2;pr.8;9;pr.8;Vanguard;HEB320;13450;26;S355J2;correspondencia_unica;6935;HEB320B;;OF265941.pdf, página 9
OF265941;OV2606537;ETF;Em Produção;2026-10-29;2;pr.9;10;pr.9;Vanguard;HEB320;13450;26;S355J2;correspondencia_unica;6936;HEB320B;;OF265941.pdf, página 10
