familia,familia_com_evidencia_de_classificacao,estado_classificacao,evidencia_producao,mes_registos,mes_skus_distintos,mes_primeira_data,mes_ultima_data,mes_maquinas,excel_skus_distintos_com_acumulado,excel_linhas_com_acumulado
A12,True,forte_padrao_e_uma_of,Acumulado Excel,0,0,,,,101,444
A18,True,forte_padrao_e_uma_of,MES validado + acumulado Excel,33,30,2026-08-27,2026-09-18,Ficep XP T6 | Peddi 8,97,284
C4,True,forte_padrao_e_varias_of,MES validado + acumulado Excel,25,19,2026-08-27,2026-08-28,Ficep Rapid 20T -1,252,697
CA1,True,forte_padrao_e_varias_of,Acumulado Excel,0,0,,,,4,4
CA22,True,forte_padrao_e_varias_of,Acumulado Excel,0,0,,,,7,7
CS,True,forte_padrao_e_uma_of,Acumulado Excel,0,0,,,,114,169
CWA,True,forte_padrao_e_varias_of,MES validado + acumulado Excel,124,113,2026-09-16,2026-09-30,Peddi 6 | Peddi 8,354,875
CWR,True,forte_padrao_e_varias_of,Acumulado Excel,0,0,,,,340,617
CWS,True,forte_padrao_e_varias_of,MES validado + acumulado Excel,153,119,2026-08-28,2026-08-31,Peddi 6 | Peddi 8,288,558
CWT,True,forte_padrao_e_varias_of,Acumulado Excel,0,0,,,,217,635
D10,True,forte_padrao_e_uma_of,MES validado + acumulado Excel,5,5,2026-09-01,2026-09-24,Ficep XP T4 | Ficep XP T6,247,377
DLA,True,forte_padrao_e_varias_of,MES validado + acumulado Excel,61,61,2026-09-16,2026-09-30,Ficep Rapid 20T -2 | Ficep XP T4,1360,4229
DLR,True,forte_padrao_e_varias_of,MES validado + acumulado Excel,21,19,2026-09-01,2026-09-22,Ficep Rapid 20T -2,1347,3945
DLS,True,forte_padrao_e_varias_of,MES validado + acumulado Excel,27,22,2026-09-19,2026-09-26,Ficep Rapid 20T -2,492,1490
DLT,True,forte_padrao_e_varias_of,MES validado + acumulado Excel,131,122,2026-08-26,2026-09-28,Ficep Rapid 20T -2 | Ficep Rapid 25T | Peddi 6 | Peddi 8,884,5031
DLTN,True,forte_padrao_e_uma_of,Acumulado Excel,0,0,,,,176,224
DS,True,forte_padrao_e_varias_of,Acumulado Excel,0,0,,,,88,91
ELA,True,forte_padrao_e_varias_of,Acumulado Excel,0,0,,,,308,320
ELS,True,forte_padrao_e_uma_of,Acumulado Excel,0,0,,,,310,324
ELT,True,forte_padrao_e_varias_of,MES validado + acumulado Excel,8,8,2026-08-28,2026-09-28,Ficep Rapid 20T -2 | Peddi 8,348,398
G4,True,forte_padrao_e_varias_of,MES validado + acumulado Excel,9,9,2026-08-26,2026-09-30,Ficep Rapid 20T -1,878,1080
H2,True,forte_padrao_e_varias_of,Acumulado Excel,0,0,,,,138,141
H92,True,forte_padrao_e_varias_of,MES validado + acumulado Excel,44,39,2026-08-26,2026-09-23,Ficep Rapid 20T -1 | Ficep Rapid 25T | Ficep XP T6 | Rapid 20T - 1,1225,2989
M1,True,confirmada_pelo_utilizador,Acumulado Excel,0,0,,,,181,181
N43,True,forte_padrao_e_uma_of,Acumulado Excel,0,0,,,,372,372
P4,True,forte_padrao_e_varias_of,Acumulado Excel,0,0,,,,724,1366
QA,True,forte_padrao_e_varias_of,MES validado + acumulado Excel,14,14,2026-08-28,2026-09-28,Ficep Rapid 20T -2 | Ficep XP T4 | Peddi 8,362,540
QR,True,forte_padrao_e_varias_of,Acumulado Excel,0,0,,,,375,474
QS,True,forte_padrao_e_varias_of,MES validado + acumulado Excel,39,30,2026-09-24,2026-09-30,Ficep Rapid 20T -2,295,395
QT,True,forte_padrao_e_varias_of,MES validado + acumulado Excel,58,56,2026-08-28,2026-09-30,Ficep Rapid 20T -2 | Ficep Rapid 25T | Ficep XP T6,359,1375
RD,True,forte_padrao_e_uma_of,Acumulado Excel,0,0,,,,49,49
SD,True,forte_padrao_e_uma_of,Acumulado Excel,0,0,,,,53,55
WA,True,forte_padrao_e_varias_of,Acumulado Excel,0,0,,,,98,98
